8450,2003,3,2,2008,7,5,856,854,706,8,548,0,1710,2,208500
9600,1976,3,2,2007,6,8,1262,0,978,6,460,1,1262,2,181500
11250,2001,3,2,2008,7,5,920,866,486,6,608,1,1786,2,223500
9550,1915,3,1,2006,7,5,961,756,216,7,642,1,1717,3,140000
14260,2000,4,2,2008,8,5,1145,1053,655,9,836,1,2198,3,250000
14115,1993,1,1,2009,5,5,796,566,732,5,480,0,1362,2,143000
10084,2004,3,2,2007,8,5,1694,0,1369,7,636,1,1694,2,307000
10382,1973,3,2,2009,7,6,1107,983,859,7,484,2,2090,2,200000
6120,1931,2,2,2008,7,5,1022,752,0,8,468,2,1774,2,129900
7420,1939,2,1,2008,5,6,1077,0,851,5,205,2,1077,1,118000
11200,1965,3,1,2008,5,5,1040,0,906,5,384,0,1040,1,129500
11924,2005,4,3,2006,9,5,1182,1142,998,11,736,2,2324,3,345000
12968,1962,2,1,2008,5,6,912,0,737,4,352,0,912,1,144000
10652,2006,3,2,2007,7,5,1494,0,0,7,840,1,1494,3,279500
10920,1960,2,1,2008,6,5,1253,0,733,5,352,1,1253,1,157000
6120,1929,2,1,2007,7,8,854,0,0,5,576,0,854,2,132000
11241,1970,2,1,2010,6,7,1004,0,578,5,480,1,1004,2,149000
10791,1967,2,2,2006,4,5,1296,0,0,6,516,0,1296,2,90000
13695,2004,3,1,2008,5,5,1114,0,646,6,576,0,1114,2,159000
7560,1958,3,1,2009,5,6,1339,0,504,6,294,0,1339,1,139000
14215,2005,4,3,2006,8,5,1158,1218,0,9,853,1,2376,3,325300
7449,1930,3,1,2007,7,7,1108,0,0,6,280,1,1108,1,139400
9742,2002,3,2,2008,8,5,1795,0,0,7,534,1,1795,2,230000
4224,1976,3,1,2007,5,7,1060,0,840,6,572,1,1060,2,129900
8246,1968,3,1,2010,5,8,1060,0,188,6,270,1,1060,1,154000
14230,2007,3,2,2009,8,5,1600,0,0,7,890,1,1600,3,256300
7200,1951,3,1,2010,5,7,900,0,234,5,576,0,900,2,134800
11478,2007,3,2,2010,8,5,1704,0,1218,7,772,1,1704,3,306000
16321,1957,2,1,2006,5,6,1600,0,1277,6,319,2,1600,1,207500
6324,1927,1,1,2008,4,6,520,0,0,4,240,0,520,1,68500
8500,1920,3,1,2008,4,4,649,668,0,6,250,0,1317,1,40000
8544,1966,3,1,2008,5,6,1228,0,0,6,271,0,1228,1,149350
11049,2007,3,2,2008,8,5,1234,0,0,7,484,0,1234,2,179900
10552,1959,4,1,2010,5,5,1700,0,1018,6,447,1,1700,2,165500
7313,2005,2,2,2007,9,5,1561,0,1153,6,556,1,1561,2,277500
13418,2004,4,3,2006,8,5,1132,1320,0,9,691,1,2452,3,309000
10859,1994,3,1,2009,5,5,1097,0,0,6,672,0,1097,2,145000
8532,1954,3,1,2009,5,6,1297,0,1213,5,498,1,1297,2,153000
7922,1953,3,1,2010,5,7,1057,0,731,5,246,0,1057,1,109000
6040,1955,2,2,2008,4,5,1152,0,0,6,0,0,1152,0,82000
8658,1965,3,2,2006,6,5,1324,0,643,6,440,1,1324,2,160000
16905,1959,2,1,2007,5,6,1328,0,967,5,308,2,1328,1,170000
9180,1983,2,1,2007,5,7,884,0,747,5,504,0,884,2,144000
9200,1975,3,1,2008,5,6,938,0,280,5,308,0,938,1,130250
7945,1959,3,1,2006,5,6,1150,0,179,6,300,0,1150,1,141000
7658,2005,2,2,2010,9,5,1752,0,456,6,576,1,1752,2,319900
12822,2003,1,1,2009,7,5,1518,631,1351,6,670,1,2149,2,239686
11096,2006,3,2,2007,8,5,1656,0,24,7,826,0,1656,3,249700
4456,1920,2,2,2009,4,5,736,716,0,8,0,0,1452,0,113000
7742,1966,3,1,2007,5,7,955,0,763,6,386,0,955,1,127000
13869,1997,3,2,2007,6,6,794,676,182,6,388,0,1470,2,177000
6240,1934,3,1,2006,6,6,816,0,0,6,528,1,1176,2,114500
8472,1963,2,1,2010,5,5,816,0,104,5,516,0,816,2,110000
50271,1981,0,0,2006,9,5,1842,0,1810,5,894,1,1842,3,385000
7134,1955,3,1,2007,5,5,1360,0,384,6,572,1,1360,2,130000
10175,1964,3,2,2008,6,5,1425,0,490,7,576,1,1425,2,180500
2645,1999,3,2,2009,8,5,983,756,649,7,480,0,1739,2,172500
11645,2004,3,2,2006,7,5,860,860,0,7,565,0,1720,2,196500
13682,2006,3,3,2006,10,5,1426,1519,0,10,641,1,2945,3,438780
7200,1972,2,1,2008,5,7,780,0,632,4,352,0,780,1,124900
13072,2004,3,1,2006,6,5,1158,0,941,5,576,0,1158,2,158000
7200,1920,3,1,2007,5,7,581,530,0,6,288,0,1111,1,101000
6442,2006,2,2,2007,8,5,1370,0,24,6,484,1,1370,2,202500
10300,1921,3,2,2010,7,6,902,808,0,9,480,0,1710,2,140000
9375,1997,3,2,2009,7,5,1057,977,739,8,645,0,2034,2,219500
9591,2004,4,2,2007,8,5,1143,1330,0,9,852,1,2473,3,317000
19900,1970,3,2,2010,7,5,2207,0,912,7,576,1,2207,2,180000
10665,2003,3,2,2007,7,5,1479,0,1013,7,558,0,1479,2,226000
4608,1945,2,1,2010,4,6,747,0,0,4,220,0,747,1,80000
15593,1953,3,2,2006,7,4,1304,983,603,7,667,1,2287,2,225000
13651,1973,3,2,2007,7,6,2223,0,1880,8,516,2,2223,2,244000
7599,1982,2,1,2007,4,6,845,0,565,4,360,0,845,2,129500
10141,1998,3,2,2009,7,5,885,833,0,7,427,1,1718,2,185000
10200,1954,3,1,2010,5,7,1086,0,320,6,490,0,1086,2,144900
5790,1915,3,2,2010,3,6,840,765,0,8,379,0,1605,1,107400
1596,1973,2,1,2009,4,5,526,462,462,5,297,0,988,1,91000
8475,1956,2,1,2008,4,7,952,0,228,4,283,0,952,1,135750
8635,1948,2,1,2008,5,5,1072,213,336,6,240,0,1285,1,127000
10778,1968,4,2,2010,4,5,1768,0,0,8,0,0,1768,0,136500
10440,1910,2,1,2009,5,6,682,548,0,5,440,0,1230,2,110000
13000,1968,4,2,2009,6,6,1182,960,448,8,509,1,2142,1,193500
4500,1998,2,2,2006,6,5,1337,0,1201,5,405,0,1337,2,153500
10206,2007,3,2,2008,8,5,1563,0,33,6,758,1,1563,3,245000
8892,1960,3,1,2007,5,5,1065,0,0,6,461,0,1065,2,126500
8530,1995,3,2,2009,7,5,804,670,0,7,400,1,1474,2,168500
16059,1991,4,2,2006,8,5,1301,1116,0,9,462,1,2417,2,260000
11911,2005,3,2,2009,6,5,684,876,0,6,400,1,1560,2,174000
3951,2009,2,2,2009,6,5,612,612,0,4,528,0,1224,2,164500
8470,1915,2,1,2009,3,2,1013,0,0,6,0,0,1526,0,85000
8070,1994,3,1,2007,4,5,990,0,588,5,0,0,990,0,123600
7200,1950,2,1,2006,4,5,1040,0,0,4,420,0,1040,2,109900
8500,1961,2,1,2006,5,3,1235,0,600,6,480,0,1235,2,98600
13360,1921,2,1,2009,5,7,964,0,713,5,432,0,964,2,163500
7200,1910,4,2,2007,6,6,1260,1031,1046,9,506,1,2291,2,133900
9337,1997,3,2,2007,6,5,905,881,648,7,684,0,1786,2,204750
9765,1993,3,2,2009,6,8,680,790,310,6,420,1,1470,2,185000
10264,1999,3,2,2006,7,5,1588,0,1162,6,472,0,1588,2,214000
10921,1965,3,1,2007,4,5,960,0,520,6,432,0,960,1,94750
10625,1920,2,1,2010,5,5,835,0,108,5,366,0,835,1,83000
9320,1959,3,1,2010,4,5,1225,0,569,6,0,0,1225,0,128950
10603,1977,3,2,2010,6,7,1610,0,1200,6,480,2,1610,2,205000
9206,1985,3,2,2010,6,5,977,755,0,7,476,1,1732,2,178000
7018,1979,4,2,2009,5,5,1535,0,0,8,410,0,1535,2,118964
10402,2009,3,2,2010,7,5,1226,0,0,6,740,0,1226,3,198900
7758,1931,4,1,2007,7,4,1226,592,224,7,240,2,1818,1,169500
9375,2003,3,2,2008,8,5,1053,939,0,9,648,1,1992,2,250000
10800,1885,2,1,2007,4,7,1047,0,0,6,273,0,1047,1,100000
6000,1948,2,1,2008,5,5,789,0,104,5,250,0,789,1,115000
8500,1919,3,2,2007,5,7,997,520,0,7,0,0,1517,0,115000
11751,1977,3,2,2010,6,6,1844,0,705,7,546,1,1844,2,190000
9525,1954,4,2,2006,6,4,1216,639,444,7,325,0,1855,1,136900
7750,2000,3,2,2010,7,5,774,656,250,7,400,1,1430,2,180000
9965,2007,4,2,2007,7,5,1282,1414,984,10,792,1,2696,3,383970
21000,1953,3,2,2007,6,5,2259,0,35,7,450,2,2259,2,217000
7259,1945,3,2,2007,6,8,1436,884,774,9,180,1,2320,1,259500
3230,1999,2,2,2007,6,5,729,729,419,5,440,1,1458,2,176000
11616,1962,3,1,2009,5,5,1092,0,170,6,288,1,1092,1,139000
8536,2006,2,1,2007,5,5,1125,0,0,5,430,0,1125,2,155000
12376,1990,5,3,2010,7,5,1699,1523,1470,11,594,2,3222,3,320000
8461,2005,3,2,2006,6,5,728,728,0,8,390,1,1456,2,163990
21453,1969,1,1,2006,6,5,988,0,938,4,540,2,988,2,180000
6060,1939,3,1,2007,4,5,772,351,0,4,264,0,1123,1,100000
9464,1958,3,1,2008,6,7,1080,0,570,5,288,0,1080,1,136000
7892,1993,2,2,2008,6,5,1199,0,300,5,530,0,1199,2,153900
17043,1979,3,2,2009,6,5,1586,0,0,7,435,1,1586,2,181000
6780,1935,2,1,2006,6,8,520,0,490,5,0,0,754,0,84500
4928,1976,2,2,2007,6,5,958,0,120,5,440,1,958,2,128000
4388,1930,3,1,2007,5,7,840,0,116,5,0,1,840,0,87000
7590,1966,3,1,2006,6,5,660,688,512,6,453,1,1348,2,155000
8973,1958,3,1,2006,5,7,1053,0,567,6,750,0,1053,2,150000
14200,1966,4,2,2006,7,6,1216,941,445,8,487,2,2157,2,226000
12224,2000,3,2,2009,6,5,1022,1032,695,7,390,1,2054,2,244000
7388,1959,3,1,2007,5,6,1327,0,405,7,624,0,1327,2,150750
6853,2001,2,2,2009,8,5,1296,0,1005,6,471,0,1296,2,220000
10335,1968,3,2,2006,5,6,1721,0,570,7,440,1,1721,2,180000
10400,1970,3,2,2008,7,6,1682,0,0,7,530,1,1682,2,174000
10355,1967,3,2,2007,5,5,1214,0,695,5,318,1,1214,1,143000
11070,1988,5,3,2006,7,5,1959,0,0,9,766,0,1959,3,171000
9066,1999,3,2,2008,8,5,1004,848,668,7,660,2,1852,3,230000
15426,1997,3,2,2009,6,5,928,836,821,7,470,0,1764,2,231500
10500,1971,3,1,2010,4,5,864,0,432,5,0,1,864,0,115000
11645,2005,3,2,2006,7,5,1734,0,1300,7,660,0,1734,2,260000
8520,1952,4,2,2010,5,4,910,475,507,6,720,0,1385,2,166000
10335,1999,3,2,2009,7,5,1501,0,679,6,577,0,1501,2,204000
9100,1963,6,2,2006,5,5,1728,0,1332,10,504,0,1728,2,125000
2522,2004,3,2,2006,6,5,970,739,0,7,380,0,1709,2,130000
6120,1931,2,1,2009,5,7,875,0,209,5,180,0,875,1,105000
9505,2001,3,2,2010,7,5,884,1151,0,8,434,1,2035,2,222500
7500,2004,3,1,2008,7,5,1080,0,680,6,0,0,1080,0,141000
6240,1936,3,1,2006,5,4,896,448,0,7,240,0,1344,1,115000
10356,1975,3,1,2007,5,6,969,0,716,5,440,0,969,2,122000
13891,2007,2,2,2008,8,5,1710,0,1400,6,866,1,1710,3,372402
14803,1971,4,2,2006,6,5,1097,896,416,8,495,1,1993,2,190000
13500,1960,1,1,2008,6,7,1252,0,429,4,564,1,1252,2,235000
11340,1923,4,1,2006,6,5,1200,0,0,7,312,0,1200,1,125000
9600,1924,2,1,2008,6,5,572,524,0,5,0,0,1096,0,79000
7200,1950,2,1,2006,5,7,1040,0,0,5,625,0,1040,2,109500
12003,2009,4,2,2010,8,5,774,1194,0,8,680,1,1968,3,269500
12552,2004,3,2,2010,7,5,991,956,222,8,678,1,1947,2,254900
19378,2005,4,2,2006,7,5,1392,1070,57,9,576,1,2462,2,320000
11120,1984,3,2,2008,6,6,1232,0,660,6,516,0,1232,2,162500
13688,2003,3,2,2008,9,5,1572,1096,1016,10,726,2,2668,3,412500
12182,2005,3,2,2010,7,5,1541,0,1201,7,532,1,1541,2,220000
5500,1956,1,1,2007,4,6,882,0,0,4,0,0,882,0,103200
5400,1926,3,2,2007,6,7,1149,467,370,5,216,0,1616,1,152000
10106,1940,4,2,2008,5,7,808,547,351,6,0,0,1355,0,127500
10708,1955,2,1,2009,5,5,1867,0,379,7,303,3,1867,1,190000
10562,2007,3,1,2007,8,5,1610,551,1288,8,789,1,2161,3,325624
8244,2004,3,2,2007,7,5,840,880,0,7,440,1,1720,2,183500
16669,1981,2,2,2006,8,6,1707,0,0,6,511,1,1707,2,228000
12358,1941,2,1,2007,5,6,854,0,360,7,660,0,1382,2,128500
31770,1960,3,1,2010,6,5,1656,0,639,7,528,2,1656,2,215000
5306,1987,2,2,2006,7,7,1064,703,495,5,504,1,1767,2,239000
10197,1961,3,1,2008,6,5,1362,0,288,6,504,1,1362,2,163000
12416,1986,3,2,2008,6,5,1651,0,1398,7,616,1,1651,2,184000
12615,1950,4,2,2007,6,7,2158,0,477,7,576,1,2158,2,243000
10029,1988,4,2,2007,6,5,1164,896,831,8,521,1,2060,2,211000
13650,1958,4,2,2006,5,5,1252,668,57,8,451,1,1920,2,172500
17423,2008,1,2,2009,9,5,2234,0,1904,9,1166,1,2234,3,501837
8520,1923,2,1,2007,5,6,968,0,0,5,480,0,968,2,100000
2117,2000,3,2,2007,6,5,769,756,436,5,440,1,1525,2,177000
7588,1920,4,1,2006,7,6,901,901,352,9,216,1,1802,1,200100
9060,1957,3,1,2007,5,6,1340,0,0,7,252,1,1340,1,120000
11426,2003,3,2,2008,7,5,1362,720,0,6,484,0,2082,2,200000
7438,1908,3,1,2006,5,8,936,316,0,5,576,0,1252,2,127000
22950,1892,4,2,2006,10,9,1518,1518,0,12,840,2,3608,3,475000
9947,1990,3,2,2009,7,5,1217,0,611,6,497,0,1217,2,173000
10410,1916,3,2,2009,5,7,808,704,0,8,180,0,1656,1,135000
7018,1979,2,0,2009,5,5,1224,0,1086,6,528,2,1224,2,153337
4923,2001,0,1,2008,8,5,1593,0,1153,5,682,1,1593,2,286000
10570,1932,3,2,2007,8,8,1549,1178,297,10,440,2,2727,2,315000
7472,1972,4,1,2007,7,9,725,754,626,7,484,0,1479,2,184000
9017,1999,3,2,2009,7,5,1431,0,560,6,666,0,1431,2,192000
2522,2004,3,2,2006,7,5,970,739,0,7,380,0,1709,2,130000
7180,1972,3,1,2008,5,7,864,0,390,5,352,0,864,1,127000
2280,1976,3,2,2009,6,6,855,601,566,7,440,1,1456,2,148500
9416,2007,3,2,2007,7,5,1726,0,1126,8,786,1,1726,3,311872
25419,1918,4,2,2006,8,4,1360,1360,1036,8,795,1,3112,2,235000
5520,1912,5,1,2009,6,6,929,929,0,8,0,0,2229,0,104000
9591,2004,3,2,2009,8,5,1713,0,1088,7,856,1,1713,3,274900
8546,2003,2,2,2010,4,5,1121,0,0,5,440,0,1121,2,140000
10125,1977,3,2,2008,6,6,1279,0,641,6,473,2,1279,2,171500
7000,1924,2,2,2006,6,6,865,445,617,6,398,0,1310,1,112000
4438,2004,1,1,2008,6,5,848,0,662,3,420,1,848,2,149000
3500,1947,2,1,2009,5,7,720,564,312,5,240,0,1284,1,110000
11851,1990,3,2,2009,7,5,1442,0,0,5,500,0,1442,2,180500
13673,1962,3,1,2007,5,5,1696,0,0,8,349,1,1696,1,143900
12493,1960,3,1,2008,4,5,1100,0,419,6,312,1,1100,1,141000
14364,1988,3,2,2007,7,5,1180,882,1065,7,454,1,2062,2,277000
8250,1964,3,1,2008,6,7,1092,0,787,6,504,0,1092,2,145000
5604,1925,2,1,2008,5,6,864,0,468,5,0,0,864,0,98000
10420,2009,3,2,2010,6,5,1212,0,36,6,460,0,1212,2,186000
8640,2009,3,2,2009,7,5,932,920,822,7,644,1,1852,2,252678
13568,1995,3,1,2006,5,5,990,0,716,5,576,0,990,2,156000
10900,1977,3,1,2010,6,7,689,703,378,6,299,0,1392,1,161750
10011,1957,2,1,2006,5,6,1236,0,360,6,447,1,1236,1,134450
8450,2004,3,2,2008,7,5,1436,0,946,8,484,0,1436,2,210000
9906,1925,3,1,2006,4,4,810,518,0,8,210,0,1328,1,107000
15660,1939,3,1,2008,7,9,1137,817,341,8,431,2,1954,2,311500
3010,2005,2,2,2006,7,5,1248,0,16,5,438,0,1248,2,167240
8990,2006,2,2,2006,7,5,1498,0,0,5,675,0,1498,2,204900
8068,2002,4,2,2009,6,5,1010,1257,0,8,390,1,2267,2,200000
11475,1975,3,2,2006,6,6,811,741,550,6,434,1,1552,2,179900
10500,1971,2,1,2009,4,6,864,0,524,4,576,0,864,2,97000
13472,2003,3,2,2009,10,5,2392,0,56,8,968,1,2392,3,386250
1680,1971,3,2,2009,5,5,630,672,0,6,280,0,1302,1,112000
9950,1995,4,2,2007,7,5,1214,1306,565,9,721,1,2520,3,290000
1869,1970,2,1,2008,6,6,483,504,321,5,280,0,987,1,106000
8521,1967,3,1,2010,5,5,912,0,842,5,336,1,912,1,125000
3182,2005,2,2,2009,7,5,1555,0,16,7,430,1,1555,2,192500
8760,1959,3,1,2010,6,6,1194,0,0,6,312,0,1194,1,148000
15138,1995,4,2,2009,8,5,1490,1304,689,9,810,1,2794,3,403000
1680,1972,2,1,2006,6,5,483,504,0,5,288,1,987,1,94500
10650,1976,3,1,2010,5,6,894,0,182,5,308,0,894,1,128200
7851,2002,4,2,2010,6,5,860,1100,625,8,440,2,1960,2,216500
1680,1971,2,1,2008,6,3,483,504,358,5,264,0,987,1,89500
8773,2004,3,2,2010,7,5,1414,0,24,6,494,0,1414,2,185500
9453,1993,3,2,2010,7,7,1014,730,402,7,457,0,1744,2,194500
12030,2007,3,2,2007,8,5,1694,0,0,7,818,0,1694,3,318000
8741,1945,3,1,2010,6,4,798,689,94,7,220,1,1487,1,113000
9000,2008,3,2,2010,8,5,1566,0,1078,7,750,0,1566,2,262500
3880,1945,2,1,2007,5,9,866,0,329,4,0,0,866,0,110500
5000,1900,3,1,2006,5,4,889,551,0,6,352,0,1440,1,79000
10762,1980,3,1,2009,6,6,626,591,0,6,288,1,1217,1,120000
8880,1994,3,2,2010,7,5,1222,888,695,8,463,2,2110,2,205000
10400,1988,3,2,2006,7,5,1872,0,929,6,604,1,1872,2,241500
9142,1910,4,2,2006,6,8,908,1020,0,9,440,0,1928,1,137000
11310,1954,2,1,2006,6,5,1375,0,0,5,451,1,1375,2,140000
11317,2003,3,2,2007,7,5,840,828,0,8,500,0,1668,2,180000
159000,1958,4,2,2007,6,7,1444,700,697,7,389,2,2144,2,277000
5350,1940,3,1,2010,3,2,1306,0,0,6,0,0,1306,0,76500
4750,2006,2,2,2007,8,5,1625,0,1573,5,538,1,1625,2,235000
8366,2004,3,2,2008,6,5,798,842,0,6,520,0,1640,2,173000
9350,1964,3,2,2007,6,7,1302,0,270,7,309,0,1302,1,158000
8400,1957,3,1,2010,5,6,1314,0,922,5,294,0,1314,1,145000
8738,1999,4,2,2006,7,5,1005,1286,0,8,429,1,2291,2,230000
8791,2003,3,2,2008,6,5,864,864,503,7,673,0,1728,2,207500
8814,2006,3,2,2009,7,5,1604,0,1334,8,660,1,1604,2,220000
12435,2001,3,2,2008,7,5,963,829,361,7,564,1,1792,2,231500
12702,1956,2,1,2008,5,5,882,0,0,4,308,0,882,1,97000
19296,1962,3,1,2009,6,5,1382,0,672,6,884,1,1382,2,176000
9588,2007,3,2,2007,8,5,1482,1092,0,10,868,1,2574,3,276000
8471,1977,3,1,2006,6,7,1212,0,506,6,492,1,1212,2,151000
5500,1929,3,1,2010,5,7,926,0,234,6,484,0,1316,2,130000
5232,1925,2,1,2008,5,5,764,0,0,4,504,0,764,2,73000
12090,1981,3,2,2008,6,6,1422,0,588,7,576,1,1422,2,175500
11207,1997,3,2,2006,6,5,802,709,714,8,413,1,1511,2,185000
8400,1939,4,2,2008,5,8,1052,720,378,8,240,1,2192,1,179500
6900,1940,2,1,2008,5,6,778,0,403,4,924,1,778,1,120500
7917,1976,3,1,2007,6,7,1113,0,751,6,504,1,1113,1,148000
10728,2006,3,2,2006,8,5,1095,844,0,8,1053,1,1939,3,266000
39104,1954,2,1,2008,7,7,1363,0,226,5,439,2,1363,2,241500
11764,1999,4,2,2010,8,7,1164,1106,524,9,671,1,2270,3,290000
9600,1958,3,2,2009,6,6,1632,0,620,6,338,1,1632,1,139000
8314,1982,2,1,2007,5,7,816,0,546,5,264,0,816,1,124500
7264,1925,3,2,2009,7,7,952,596,0,5,672,0,1548,2,205000
9196,2003,3,2,2010,7,5,1560,0,0,7,573,0,1560,2,201000
19138,1951,2,1,2010,4,5,864,0,120,4,400,0,864,2,141000
14450,2006,3,2,2007,9,5,2121,0,0,8,732,1,2121,3,415298
10005,1977,4,2,2008,7,5,1156,866,392,8,505,1,2022,2,192000
11287,1989,3,2,2007,7,6,1175,807,421,7,575,1,1982,2,228500
7200,2006,2,2,2006,6,5,1262,0,905,5,572,0,1262,2,185000
5063,2007,2,2,2009,7,5,1314,0,904,6,626,1,1314,2,207500
9612,2008,3,2,2009,8,5,1468,0,0,6,898,1,1468,3,244600
8012,1992,2,2,2007,6,5,1575,0,430,5,529,0,1575,2,179200
4251,2006,2,2,2007,7,5,625,625,0,5,528,0,1250,2,164700
9786,1962,3,1,2006,6,7,1085,649,600,7,440,1,1734,2,159000
8125,1971,3,1,2006,4,4,858,0,614,5,0,0,858,0,88000
9819,1967,3,1,2010,5,5,900,0,450,5,280,0,900,1,122000
8730,1915,3,1,2007,6,7,698,698,0,7,384,0,1396,1,153575
15611,2006,3,2,2006,8,5,1079,840,0,8,685,1,1919,2,233230
5687,1912,6,2,2008,5,6,936,780,210,9,0,0,1716,0,135900
11409,1949,3,1,2009,5,4,1148,568,292,8,281,1,1716,1,131000
16659,1977,3,2,2006,7,7,1468,795,795,9,539,1,2263,2,235000
9600,1953,3,1,2009,6,5,1644,0,1285,7,418,2,1644,2,167000
7937,1984,3,1,2006,6,6,1003,0,819,6,588,0,1003,2,142500
13710,1950,4,1,2007,5,5,910,648,420,6,282,0,1558,1,152000
7399,1997,3,2,2007,7,5,975,975,649,7,576,1,1950,2,239000
11700,1968,3,1,2007,6,6,1041,702,384,7,539,1,1743,2,175000
14000,1950,3,1,2009,6,8,1152,0,0,6,300,1,1152,1,158500
15750,1953,2,1,2006,5,5,1336,0,841,5,375,2,1336,1,157000
16226,1998,4,2,2007,8,5,1210,1242,281,9,683,1,2452,2,267000
13704,2001,3,2,2006,7,5,1541,0,0,6,843,1,1541,3,205000
9800,1972,3,1,2006,5,7,894,0,894,5,552,0,894,2,149900
18386,1880,3,3,2008,7,9,1675,1818,0,10,870,1,3493,3,295000
10386,2004,3,2,2007,8,5,2000,0,1464,8,888,0,2000,3,305900
13474,1990,4,2,2007,7,5,1122,1121,700,8,746,1,2243,3,225000
7920,1920,3,1,2008,6,7,1035,371,0,6,0,0,1406,0,89500
12342,1940,1,1,2009,4,5,861,0,262,4,539,0,861,2,82500
12378,2003,3,2,2006,9,5,1944,0,1274,8,708,3,1944,3,360000
7685,1993,3,2,2006,6,5,697,804,518,6,420,1,1501,2,165600
8000,1948,2,1,2009,6,6,972,0,680,5,240,1,972,1,132000
7800,1939,3,1,2006,5,7,793,325,507,5,410,1,1118,2,119900
215245,1965,3,2,2009,7,5,2036,0,1236,8,513,2,2036,2,375000
9600,1925,3,1,2006,7,7,832,809,16,6,546,1,1641,2,178000
7795,2004,3,2,2009,7,5,716,716,425,6,432,1,1432,2,188500
13005,1980,4,2,2009,7,7,1153,1200,692,10,484,1,2353,2,260000
9000,2006,3,2,2007,8,5,1088,871,0,8,1025,1,1959,3,270000
9900,1993,4,2,2009,7,5,1372,1274,987,9,656,1,2646,3,260000
14115,1980,3,2,2009,7,5,1472,0,1036,6,588,2,1472,2,187500
16259,2006,4,3,2006,9,5,1249,1347,0,9,840,0,2596,3,342643
12099,2004,4,2,2007,8,5,1136,1332,970,10,872,1,2468,3,354000
10380,1986,4,2,2007,7,5,1553,1177,28,8,576,1,2730,2,301000
5820,1955,3,1,2006,3,8,1163,0,256,6,220,0,1163,1,126175
11275,1967,5,2,2010,7,7,1898,1080,0,11,564,1,2978,2,242000
5000,1941,2,1,2007,5,6,803,0,116,5,360,0,803,2,87000
10846,1993,1,1,2008,8,5,1719,0,1619,6,473,2,1719,2,324000
11600,1960,3,1,2006,6,5,1383,0,565,7,292,0,1383,1,145250
11888,1916,5,2,2009,6,6,1445,689,0,10,441,0,2134,2,214500
6402,1920,3,1,2009,5,5,596,596,0,6,189,0,1192,1,78000
10624,1964,6,2,2007,5,4,1728,0,40,10,352,0,1728,1,119000
8176,1958,3,1,2007,5,6,1056,0,846,6,308,0,1056,1,139000
10655,2003,3,2,2009,8,5,1629,0,1124,7,880,1,1629,3,284000
8198,2004,2,2,2008,7,5,1358,0,720,6,484,1,1358,2,207000
9042,1998,3,2,2008,6,5,943,695,828,7,472,2,1638,2,192000
164660,1965,3,2,2008,5,6,1619,167,1249,7,529,2,1786,2,228950
14157,2005,3,2,2007,9,5,1922,0,1249,8,676,1,1922,3,377426
9135,2002,3,2,2008,7,5,1536,0,810,7,532,0,1536,2,214000
14145,1984,3,2,2006,7,7,1621,0,213,8,440,0,1621,2,202500
12400,1958,3,1,2009,6,7,1215,0,585,6,297,0,1215,1,155000
14191,2002,4,2,2010,8,5,993,915,0,9,431,0,1908,2,202900
8400,1950,2,1,2009,4,4,841,0,0,4,294,0,841,1,82000
8544,1949,2,2,2006,3,4,1040,0,0,6,400,0,1040,2,87500
8849,2005,2,2,2008,9,5,1684,0,28,6,564,1,1684,2,266000
2592,1976,3,1,2010,5,3,536,576,129,4,336,0,1112,1,85000
6435,1939,3,1,2006,6,5,972,605,0,6,312,1,1577,1,140200
12772,1960,2,1,2007,6,8,958,0,498,5,301,0,958,1,151500
17600,1960,3,2,2009,6,5,1478,0,1270,6,498,2,1478,2,157500
2448,2003,2,2,2008,7,5,764,862,573,6,474,0,1626,2,154000
20431,2005,4,2,2006,9,5,1848,880,1410,10,706,2,2728,3,437154
7820,2007,2,2,2007,9,5,1869,0,0,6,617,1,1869,2,318061
5271,1986,2,1,2006,7,5,1453,0,1082,6,445,1,1453,2,190000
9084,1941,3,1,2008,5,6,616,495,236,5,200,0,1111,1,95000
8520,1928,2,1,2010,6,8,720,0,0,5,484,0,720,2,105900
8400,1940,2,1,2006,6,5,1192,403,388,6,240,2,1595,1,140000
11249,1995,3,2,2007,6,5,1200,0,334,6,521,0,1200,2,177500
9248,1992,3,2,2009,6,6,1167,0,560,6,400,0,1167,2,173000
4224,1976,3,1,2007,5,5,1142,0,874,6,528,1,1142,2,134000
6930,1958,3,1,2006,5,4,1352,0,300,6,288,0,1352,1,130000
12011,1998,3,2,2006,8,5,1086,838,956,7,592,1,1924,2,280000
7540,1978,2,1,2007,6,6,912,0,773,5,470,1,912,2,156000
9144,1940,3,1,2008,5,5,988,517,399,8,240,0,1505,1,145000
7301,2003,4,3,2009,7,5,495,1427,0,7,672,1,1922,2,198500
1680,1972,2,1,2009,6,8,483,504,162,5,264,0,987,1,118000
18800,1976,3,2,2006,6,5,790,784,712,6,566,1,1574,2,190000
10690,1920,3,1,2009,5,7,672,672,456,6,468,0,1344,1,147000
9500,1963,3,1,2009,6,5,1394,0,609,6,514,2,1394,2,159000
9150,1962,3,1,2008,6,5,1431,0,371,6,296,1,1431,1,165000
7800,1954,2,1,2010,5,6,1268,0,540,7,244,1,1268,1,132000
9830,1959,3,1,2010,5,7,1287,0,72,7,576,1,1287,2,162000
8121,2000,3,2,2006,6,5,953,711,0,7,460,1,1664,2,172400
17120,1959,4,2,2008,4,4,1120,468,0,7,680,1,1588,2,134432
7175,1984,2,1,2010,6,5,752,0,623,4,264,0,752,1,125000
10634,1953,3,1,2009,5,6,1319,0,428,5,270,0,1319,1,123000
8200,2003,4,2,2007,7,5,847,1081,0,8,434,1,1928,2,219500
10020,1922,1,0,2009,1,1,904,0,350,4,0,0,904,0,61000
8846,1996,2,1,2006,5,5,914,0,298,5,576,0,914,2,148000
11143,2004,4,3,2007,8,5,1580,886,0,8,610,1,2466,2,340000
11394,2010,1,1,2010,9,2,1856,0,1445,8,834,1,1856,3,394432
8123,2000,3,2,2009,6,5,1007,793,0,7,463,1,1800,2,179000
5000,1924,3,2,2010,5,6,1026,665,218,6,308,1,1691,1,127000
7200,2006,2,2,2006,7,5,1301,0,0,5,572,1,1301,2,187750
9245,2006,3,2,2007,7,5,939,858,0,8,639,0,1797,2,213500
9000,1928,2,1,2009,6,3,784,0,0,5,360,0,784,2,76000
53107,1992,3,2,2007,6,5,1079,874,985,9,501,2,1953,2,240000
3182,2004,2,2,2010,8,5,1269,0,24,6,430,1,1269,2,192000
8410,1910,5,1,2006,5,3,658,526,0,8,0,0,1184,0,81000
7200,1976,3,1,2009,6,6,1125,0,631,6,352,1,1125,1,125000
9382,1999,3,2,2008,7,5,1479,0,0,6,577,0,1479,2,191000
12474,2007,3,2,2008,10,5,1742,590,1280,9,846,1,2332,3,426000
8405,1900,4,1,2008,5,8,961,406,241,7,384,0,1367,1,119000
12209,2001,3,2,2009,6,5,804,1157,690,7,560,1,1961,2,215000
8339,1959,3,1,2007,5,7,882,0,0,5,294,0,882,1,106500
7446,1941,2,1,2006,4,5,788,0,266,4,0,2,788,0,100000
10134,1940,2,1,2007,5,6,735,299,0,5,240,0,1034,1,109000
9571,1956,3,1,2010,5,6,1144,0,739,6,596,0,1144,1,129000
7200,1972,2,1,2009,5,5,894,0,777,6,600,0,894,2,123000
7590,1962,4,2,2007,5,5,876,936,540,8,264,1,1812,1,169500
8967,1920,2,1,2007,5,2,1077,0,0,6,338,0,1077,1,67000
8125,2006,2,2,2009,7,5,1112,438,812,7,438,0,1550,2,241000
14963,1996,1,1,2008,8,5,1288,0,786,4,500,2,1288,2,245500
8767,2005,3,2,2006,7,5,1310,0,24,6,400,1,1310,2,164990
10200,1940,2,1,2008,5,8,672,0,0,4,240,0,672,1,108000
12090,1998,4,2,2006,8,5,1165,1098,0,10,420,1,2263,2,258000
10364,1995,3,2,2007,6,5,806,766,0,7,373,1,1572,2,168000
9991,1976,3,2,2009,4,4,1620,0,1116,8,490,1,1620,2,150000
10480,1936,3,1,2008,6,5,1166,0,0,6,240,0,1639,1,115000
15576,1915,4,2,2008,6,7,840,840,0,8,308,0,1680,1,177000
14154,2006,3,2,2007,7,5,1071,1101,0,9,947,1,2172,3,280000
10800,2007,3,2,2008,8,5,1050,1028,789,8,836,1,2078,3,339750
9571,1958,3,1,2009,5,3,1276,0,0,5,350,0,1276,1,60000
34650,1955,3,1,2006,5,5,1056,0,1056,5,572,0,1056,2,145000
4403,2009,2,2,2010,7,5,1478,0,578,7,484,1,1478,2,222000
8960,1927,2,1,2010,5,6,1028,0,0,5,360,1,1028,2,115000
11228,1993,3,2,2008,7,5,1080,1017,50,9,678,1,2097,3,228000
8899,2007,3,2,2007,7,5,1340,0,24,6,396,0,1340,2,181134
7844,1978,3,1,2006,6,7,672,728,209,6,440,1,1400,2,149500
22420,1918,4,2,2007,6,6,1370,1254,1128,10,864,1,2624,3,239000
8160,1940,3,1,2007,5,6,756,378,312,7,240,0,1134,1,126000
8450,1968,3,1,2010,5,6,1056,0,775,6,304,1,1056,1,142000
7060,1997,2,2,2008,7,5,1344,0,1309,8,784,0,1344,4,206300
16635,1977,3,2,2009,6,7,1602,0,1246,8,529,1,1602,2,215000
21750,1954,2,1,2008,5,5,988,0,0,4,520,0,988,2,113000
9200,1998,4,2,2008,8,5,1470,1160,986,8,696,1,2630,3,315000
9000,1956,2,1,2008,6,5,1196,0,616,6,297,1,1196,1,139000
3378,1946,3,1,2009,7,8,707,682,0,6,240,2,1389,1,135000
12800,1989,2,2,2009,7,5,1644,0,1518,5,569,1,1644,2,275000
8593,1957,3,1,2008,4,6,907,0,288,5,352,0,907,1,109008
6762,2007,2,2,2007,7,5,1208,0,664,6,628,0,1208,2,195400
11457,1988,3,2,2009,6,5,1412,0,1005,6,576,1,1412,2,175000
1680,1971,2,1,2008,6,5,483,504,387,4,264,0,987,1,85400
5586,1920,4,1,2008,6,7,1088,110,0,7,0,0,1198,0,79900
1920,1971,2,1,2007,5,5,765,600,471,6,440,0,1365,2,122500
10839,1997,3,2,2008,6,5,926,678,0,7,470,1,1604,2,181000
1890,1972,1,1,2008,4,7,630,0,495,3,0,0,630,0,81000
10667,1996,3,2,2009,7,6,827,834,385,6,550,1,1661,2,212000
4400,1920,2,1,2006,6,8,734,384,0,6,440,0,1118,2,116000
6000,1926,2,1,2009,6,7,904,0,0,4,180,0,904,1,119000
4280,1913,2,1,2007,5,6,694,0,365,4,352,1,694,1,90350
12354,1920,3,1,2009,6,8,684,512,0,7,528,0,1196,2,110000
15431,2008,2,2,2009,10,5,2402,0,1767,10,672,2,2402,3,555000
12108,1955,4,2,2008,4,4,1440,0,133,8,0,0,1440,0,118000
6240,1930,3,2,2008,5,7,1128,445,0,8,360,1,1573,2,162900
3922,2006,2,2,2007,7,5,1258,0,0,6,648,1,1258,3,172500
8750,1994,4,2,2008,7,5,933,975,642,8,493,1,1908,2,210000
9855,1956,3,1,2009,6,5,1689,0,0,7,480,1,1689,2,127500
16492,1966,2,2,2010,6,6,1888,0,247,6,578,1,1888,2,190000
11214,1998,4,2,2006,7,5,956,930,0,10,431,1,1886,2,199900
8600,1937,3,2,2006,6,6,780,596,0,7,198,1,1376,1,119500
6000,1948,2,1,2007,3,7,679,504,331,6,308,0,1183,1,120000
5684,1930,2,1,2006,6,8,813,0,0,5,270,0,813,1,110000
70761,1975,2,2,2006,7,5,1533,0,655,5,576,2,1533,2,280000
9303,1996,3,2,2007,6,5,888,868,742,7,422,0,1756,2,204000
9000,2008,3,2,2009,8,5,786,804,0,6,676,0,1590,2,210000
9297,1976,4,2,2006,5,5,1728,0,1606,8,560,0,1728,2,188000
9600,1973,3,1,2007,7,6,1242,0,916,6,528,1,1242,2,175500
4571,1916,4,1,2008,5,5,624,720,0,7,513,0,1344,3,98000
53227,1954,2,1,2008,4,6,1663,0,1116,6,529,2,1663,2,256000
5100,1925,3,1,2008,8,7,833,833,0,7,228,1,1666,1,161000
7015,1950,3,1,2009,5,4,979,224,185,5,352,1,1203,1,110000
8004,2009,3,2,2009,8,5,832,1103,544,8,552,0,1935,2,263435
7200,1936,3,1,2009,7,9,575,560,350,6,576,0,1135,2,155000
8281,1965,3,1,2009,5,5,864,0,553,5,360,1,864,1,62383
11988,1934,3,1,2008,6,7,849,811,326,6,240,1,1660,1,188700
8430,1978,3,2,2009,5,5,1040,0,616,5,0,0,1040,0,124000
3072,2004,2,2,2006,7,5,1414,0,0,6,398,1,1414,2,178740
10628,1970,2,1,2007,7,5,1277,0,778,5,526,1,1277,2,167000
9480,1942,3,1,2007,5,7,888,756,386,7,312,2,1644,1,146500
11428,2006,3,2,2007,8,5,1634,0,0,7,866,1,1634,3,250000
9291,1993,3,2,2008,6,5,832,878,426,7,506,0,1710,2,187000
6820,1985,1,1,2010,8,5,1502,0,368,4,528,0,1502,2,212000
11952,1977,3,2,2007,7,6,1161,808,0,8,534,1,1969,2,190000
3675,2005,2,1,2008,6,5,1072,0,459,5,525,0,1072,2,148000
14977,2006,2,2,2007,8,5,1976,0,1350,7,908,1,1976,3,440000
5330,2000,2,2,2007,8,5,1652,0,1196,6,499,0,1652,2,251000
8480,1963,2,1,2007,5,6,970,0,630,5,624,0,970,2,132500
13125,1997,3,2,2008,6,5,1493,0,994,7,508,1,1493,2,208900
13693,2006,3,2,2007,9,5,2069,574,0,9,694,1,2643,3,380000
10637,2007,3,2,2009,8,5,1718,0,1288,7,826,1,1718,3,297000
5925,1937,2,1,2007,4,7,1131,0,168,7,672,0,1131,2,89471
16033,2004,3,2,2006,9,5,1850,0,1261,8,772,1,1850,3,326000
11846,2003,2,2,2006,9,5,1792,0,1567,6,874,1,1792,3,374000
2500,1915,4,1,2009,7,8,916,910,299,7,164,1,1826,1,155000
4500,1998,2,2,2006,6,5,1216,0,897,5,402,0,1216,2,164000
7758,1962,3,1,2007,5,7,999,0,588,6,264,0,999,1,132500
9600,1950,3,1,2009,5,7,1113,0,607,5,264,1,1113,1,147000
10289,1965,3,1,2007,5,7,1073,0,836,6,515,0,1073,2,156000
12243,1971,3,2,2007,5,6,1484,0,998,7,487,1,1484,2,175000
10800,1900,3,2,2006,5,4,1766,648,664,10,520,1,2414,2,160000
1526,1970,1,1,2009,4,8,630,0,515,3,286,0,630,1,86000
2665,1976,3,1,2008,5,6,616,688,0,4,336,1,1304,1,115000
9490,1941,3,1,2006,6,7,958,620,403,5,240,2,1578,1,133000
15578,2006,3,2,2006,6,5,728,728,0,8,429,0,1456,2,172785
7931,1960,3,1,2008,5,6,1269,0,374,6,308,1,1269,1,155000
5784,1938,2,1,2009,5,8,886,0,0,4,273,0,886,1,91300
7879,1920,2,1,2009,4,5,720,0,495,4,0,0,720,0,34900
12692,1992,4,3,2007,8,5,3228,0,1231,10,546,1,3228,2,430000
9120,1925,4,2,2008,7,6,1133,687,329,8,240,0,1820,1,184000
7800,1967,3,1,2009,5,7,899,0,450,5,288,0,899,1,130000
7535,1958,2,1,2007,5,7,912,0,111,5,297,0,912,1,120000
1890,1973,3,1,2007,6,5,672,546,356,7,264,0,1218,1,113000
9803,2005,3,2,2008,7,5,866,902,400,7,603,0,1768,2,226700
9170,1965,2,1,2007,5,7,1214,0,698,6,461,0,1214,2,140000
15602,1959,1,2,2010,7,8,1801,0,1247,6,484,2,1801,2,289000
2308,1974,3,2,2009,6,5,855,467,257,6,440,1,1322,2,147000
7596,1952,4,2,2009,5,5,960,1000,0,10,400,0,1960,2,124500
9554,1993,3,2,2006,8,5,1065,846,380,8,471,1,1911,2,215000
7862,2009,2,2,2009,6,5,1218,0,27,4,676,0,1218,2,208300
9600,1928,3,2,2008,7,9,689,689,141,7,360,1,1378,2,161000
9600,1959,3,1,2009,5,6,1041,0,991,6,270,0,1041,1,124500
14559,1951,2,1,2009,5,7,1363,0,650,6,288,2,1363,1,164900
6792,2005,2,2,2006,7,5,1368,0,0,6,474,1,1368,2,202665
9100,1958,3,1,2006,5,5,864,0,521,5,624,0,864,2,129900
9187,1983,3,1,2007,6,5,1080,0,336,5,484,0,1080,2,134000
10594,1926,2,1,2007,5,5,789,0,0,5,200,0,789,1,96500
12220,2009,3,2,2009,10,5,2020,0,1436,9,900,1,2020,3,402861
10448,1972,3,2,2009,6,6,1378,741,0,7,583,1,2119,2,158000
10208,1996,3,2,2009,7,5,1277,1067,0,7,889,1,2344,3,265000
9531,1998,3,2,2007,6,5,882,914,706,7,546,0,1796,2,211000
10918,1926,3,1,2009,7,9,1276,804,0,9,282,2,2080,1,234000
10800,1900,3,2,2008,4,7,694,600,0,7,0,0,1294,0,106250
11988,1957,3,1,2007,6,6,1244,0,777,6,336,2,1244,1,150000
5000,1947,3,2,2006,6,7,1004,660,399,7,420,2,1664,2,159000
40094,2007,3,3,2007,10,5,3138,1538,2260,11,884,1,4676,3,184750
11787,1996,3,2,2007,7,5,1383,1015,719,8,834,1,2398,3,315750
7500,2005,3,2,2006,7,5,1266,0,0,6,453,1,1266,2,176000
13300,1956,2,1,2007,5,7,928,0,377,4,252,0,928,1,132000
14948,2008,3,2,2008,9,5,1476,1237,1330,11,858,1,2713,3,446261
9098,1920,2,1,2007,4,7,605,0,348,5,0,0,605,0,86000
32668,1957,4,3,2007,6,3,2515,0,1219,9,484,2,2515,2,200624
10200,1988,3,2,2008,6,5,1509,0,783,5,600,1,1509,2,175000
6155,1920,3,2,2008,6,8,751,611,0,6,502,0,1362,2,128000
7200,1955,2,1,2010,5,7,827,0,0,5,392,1,827,1,107500
5000,1946,1,1,2007,1,3,334,0,0,2,0,0,334,0,39300
9056,2004,3,2,2006,8,5,707,707,0,6,403,1,1414,2,178000
7000,1910,3,1,2008,5,7,820,527,969,5,0,0,1347,0,107500
8924,1998,3,2,2008,7,5,880,844,0,8,527,0,1724,2,188000
12735,1972,3,1,2008,4,5,864,0,600,5,576,0,864,2,111250
11553,1968,3,1,2006,5,5,1159,0,673,7,336,1,1159,1,158000
11423,2001,3,2,2010,8,5,1601,0,1358,6,670,1,1601,2,272000
14601,2006,2,2,2009,9,5,1838,0,1260,8,765,1,1838,3,315000
11000,2000,4,2,2007,8,5,997,1288,0,8,648,1,2285,3,248000
10140,1998,3,2,2009,7,5,1680,0,144,7,583,1,1680,2,213250
4058,1998,1,1,2007,7,5,767,0,584,4,367,0,767,1,133000
17104,2006,3,2,2006,7,5,664,832,554,7,426,1,1496,2,179665
13837,1988,4,2,2006,7,5,1377,806,1002,9,786,0,2183,3,229000
8737,1923,3,1,2007,6,7,915,720,300,6,440,1,1635,2,210000
7244,1970,2,1,2007,5,7,768,0,619,5,624,0,768,2,129500
8235,1955,2,1,2008,5,7,825,0,180,4,720,0,825,2,125000
9375,2003,4,2,2009,7,5,912,1182,0,8,615,1,2094,2,263000
4043,1977,2,2,2008,6,6,1069,0,559,4,440,0,1069,2,140000
6000,1957,3,1,2008,5,6,928,0,308,5,288,0,928,1,112500
11146,2006,3,2,2009,8,5,1717,0,0,7,908,1,1717,3,255500
8777,1949,2,2,2009,4,5,1126,0,0,5,520,0,1126,2,108000
10625,2003,3,2,2008,7,5,1006,1040,866,8,871,1,2046,3,284000
6380,1922,2,1,2006,5,6,1048,0,0,5,280,1,1048,1,113000
14850,1957,2,1,2006,5,5,1092,0,895,6,299,1,1092,1,141000
11040,1920,3,1,2006,4,6,897,439,637,7,570,0,1336,1,108000
21872,1996,3,2,2008,7,5,729,717,604,6,406,1,1446,2,175000
3196,2003,2,2,2006,7,5,1557,0,0,7,420,1,1557,2,234000
11341,1957,3,1,2010,5,6,1392,0,1302,5,528,1,1392,2,121500
10010,1974,2,1,2006,5,5,1389,0,1071,6,418,1,1389,2,170000
13907,1940,3,1,2008,5,6,996,0,290,6,0,1,996,0,108000
21780,1918,4,2,2008,6,7,1163,511,0,8,396,1,1674,2,185000
13346,1992,4,2,2006,7,5,1166,1129,728,9,590,1,2295,2,268000
6858,1915,4,1,2010,6,4,841,806,0,6,216,0,1647,1,128000
11198,2005,4,2,2008,9,5,1134,1370,0,11,656,1,2504,3,325000
10171,2004,3,2,2010,7,5,1535,0,2,7,532,0,1535,2,214000
12327,1983,1,1,2009,8,8,1496,636,1441,5,612,1,2132,2,316600
7032,1979,2,1,2006,5,5,943,0,943,4,600,2,943,2,135960
13101,1965,6,2,2008,5,5,1728,0,231,10,576,0,1728,2,142600
7332,1959,2,1,2006,6,6,864,0,414,4,288,0,864,1,120000
13159,2009,3,2,2009,7,5,846,846,0,6,650,0,1692,2,224500
9967,2000,3,2,2007,7,5,774,656,0,8,400,1,1430,2,170000
10500,1971,3,1,2007,5,7,576,533,349,5,288,0,1109,1,139000
8480,1947,2,1,2008,5,5,832,384,442,6,336,0,1216,1,118500
6292,1928,3,2,2009,7,7,877,600,0,6,216,1,1477,1,145000
11777,1966,3,1,2006,5,6,1320,0,328,6,564,2,1320,2,164500
3604,2007,2,2,2008,7,5,703,689,0,5,540,0,1392,2,146000
12150,1954,4,2,2008,5,5,1050,745,0,7,352,0,1795,1,131500
14585,1960,3,1,2007,6,6,1429,0,594,7,572,2,1429,2,181900
12704,2008,3,2,2009,8,5,2042,0,0,8,1390,1,2042,3,253293
11841,1990,3,1,2007,6,5,816,0,816,5,0,0,816,0,118500
13500,1893,3,3,2008,10,9,1521,1254,0,9,880,1,2775,2,325000
6120,1935,3,1,2009,4,7,989,584,0,6,240,0,1573,1,133000
11443,2005,2,2,2006,8,5,2028,0,1460,7,880,2,2028,3,369900
10267,1918,2,1,2008,6,7,838,0,210,5,275,0,838,1,130000
8740,1982,2,1,2009,5,6,860,0,672,4,528,0,860,2,137000
25095,1968,1,1,2009,5,8,1473,0,1324,5,452,2,1473,1,143000
9100,1930,2,1,2008,5,6,779,0,0,4,308,0,935,1,79500
8320,2004,3,2,2008,7,5,770,812,490,6,520,0,1582,2,185900
13478,2008,3,2,2009,10,5,1728,568,1338,10,842,1,2296,3,451950
6600,1982,2,1,2008,5,8,816,0,816,4,816,0,816,2,138000
4435,2003,1,1,2009,6,5,848,0,685,4,420,0,848,2,140000
7990,1975,3,1,2008,5,6,924,0,0,5,280,0,924,1,110000
11302,2005,3,2,2006,8,5,1826,0,1422,7,758,1,1826,3,319000
3600,1910,3,1,2006,6,7,684,684,0,7,216,0,1368,1,114504
3922,2006,2,0,2007,7,5,1402,0,0,7,648,1,1402,3,194201
12984,1977,3,2,2006,5,6,1647,0,1283,7,621,1,1647,2,217500
1950,1980,3,2,2008,6,6,716,840,81,6,452,1,1556,2,151000
10927,2005,3,2,2006,8,5,1058,846,546,8,736,1,1904,2,275000
9000,1937,3,1,2007,6,6,780,595,0,6,544,1,1375,1,141000
10041,1992,3,2,2006,8,5,927,988,789,8,506,1,1915,2,220000
3182,2004,2,2,2010,7,5,600,600,0,4,480,0,1200,2,151000
12803,2002,3,2,2008,7,5,1494,0,922,6,530,1,1494,2,221000
13600,1965,3,2,2009,7,6,1186,800,454,7,486,3,1986,2,205000
12464,1996,3,1,2009,5,5,1040,0,732,6,576,0,1040,2,152000
7800,1948,3,3,2006,5,8,1112,896,603,8,230,0,2008,1,225000
12168,1934,4,2,2007,8,6,1940,1254,428,10,380,2,3194,2,359100
7943,1961,3,1,2007,4,5,1029,0,903,5,261,0,1029,1,118500
11050,2000,3,2,2009,9,5,1476,677,904,8,736,2,2153,3,313000
10395,1978,3,2,2007,6,6,1032,0,605,6,564,1,1032,2,148000
11885,2001,3,2,2009,8,5,1299,573,990,7,531,1,1872,2,261500
8402,2007,3,1,2007,5,5,1120,0,206,6,0,0,1120,0,147000
1491,1972,1,1,2010,4,6,630,0,150,3,0,0,630,0,75500
8800,1963,3,1,2010,6,7,1054,0,763,6,480,0,1054,2,137500
7861,2002,3,2,2006,6,5,807,702,457,7,393,1,1509,2,183200
7227,1954,2,1,2008,6,6,832,0,0,4,528,0,832,2,105500
11694,2007,3,2,2007,9,5,1828,0,48,9,774,1,1828,3,314813
12244,2003,4,2,2008,8,5,1482,780,871,10,749,2,2262,3,305000
8248,1914,2,1,2008,3,3,864,0,41,5,0,0,864,0,67000
10800,1974,4,2,2008,6,7,1548,1066,956,9,624,1,2614,2,240000
7064,1977,3,1,2009,5,6,980,0,560,6,484,0,980,2,135000
2117,2000,2,2,2007,6,5,756,756,420,4,440,1,1512,2,168500
10400,1972,4,1,2006,6,5,1012,778,247,8,484,1,1790,2,165150
10000,1962,3,1,2010,6,6,1116,0,0,5,440,0,1116,2,160000
12342,1960,3,1,2007,5,5,1422,0,0,6,286,1,1422,1,139900
9600,1955,3,1,2010,6,6,1520,0,674,7,364,2,1520,1,153000
11606,1969,5,1,2007,5,5,1040,1040,650,9,504,2,2080,2,135000
9020,1964,3,1,2008,6,5,1350,0,624,6,520,0,1350,2,168500
9000,1880,3,1,2006,5,6,1089,661,0,8,240,0,1750,1,124000
4590,2006,2,2,2007,8,5,1554,0,24,6,627,1,1554,2,209500
11900,1977,3,2,2009,7,5,1411,0,822,6,544,1,1411,2,82500
9250,1954,3,1,2007,5,7,1056,0,480,6,260,0,1056,1,139400
6979,1980,0,0,2010,6,5,1056,0,1056,4,576,0,1056,2,144000
10896,1914,8,2,2007,6,7,1440,1440,256,14,0,0,3395,0,200000
6120,1936,1,1,2009,2,3,800,0,0,4,0,1,800,0,60000
6000,1954,3,2,2009,5,4,811,576,0,7,256,0,1387,1,93000
8777,1910,2,1,2008,5,7,796,0,0,4,0,0,796,0,85000
3982,2006,1,2,2006,8,5,1567,0,1154,7,648,1,1567,3,264561
12677,2003,1,1,2008,8,5,1518,0,1218,6,588,1,1518,2,274000
7050,2001,3,2,2007,7,5,1057,872,738,7,650,1,1929,2,226000
13860,1972,4,2,2009,8,7,2000,704,1410,9,538,3,2704,2,345000
10793,1969,4,2,2007,5,5,780,840,493,7,462,0,1620,2,152000
9187,2009,2,2,2009,9,5,1766,0,1121,7,478,1,1766,3,370878
10530,1971,3,1,2007,6,5,981,0,282,5,576,0,981,2,143250
7200,1950,3,1,2008,5,5,1048,0,0,7,420,0,1048,2,98300
10452,1953,3,1,2008,6,5,1094,0,500,5,495,2,1094,2,155000
7700,1966,4,1,2010,6,5,1051,788,0,7,442,1,1839,2,155000
1936,1970,1,1,2007,4,6,630,0,131,3,0,0,630,0,84500
8125,2007,3,2,2008,7,6,822,843,0,7,562,0,1665,2,205950
9084,1940,4,1,2009,4,5,755,755,0,7,296,1,1510,1,108000
8750,1996,2,2,2009,7,5,909,807,0,7,512,1,1716,2,191000
10320,1906,3,1,2008,6,7,756,713,0,7,216,0,1469,1,135000
10437,1995,2,2,2008,8,6,2113,0,1696,7,839,1,2113,3,350000
1680,1971,3,1,2010,6,5,525,567,0,6,264,0,1092,1,88000
10007,1959,3,1,2008,5,7,1053,0,806,5,312,0,1053,1,145500
7200,1931,3,1,2008,7,6,851,651,0,6,270,1,1502,1,149000
17503,1948,3,1,2010,6,5,912,546,0,6,330,1,1458,1,97500
9937,1964,3,1,2009,5,7,1486,0,637,7,480,0,1486,2,167000
12384,1976,3,2,2007,7,7,1142,793,0,7,550,1,1935,2,197900
46589,1994,4,2,2009,8,7,1686,762,1361,8,711,1,2448,3,402000
13560,1968,2,1,2009,6,3,1392,0,0,5,576,2,1392,2,110000
10012,1972,3,2,2008,4,5,1181,0,920,6,588,0,1181,2,137500
20896,2005,1,1,2006,8,5,2097,0,1721,8,1134,1,2097,3,423000
11194,2000,3,2,2006,8,5,1454,482,0,7,504,1,1936,2,230500
18450,1965,3,2,2007,6,5,1465,915,187,7,596,1,2380,2,129000
8125,1994,3,2,2008,6,5,1679,0,1138,7,575,1,1679,2,193500
14175,1956,3,1,2006,5,6,1437,0,988,6,576,1,1437,2,168000
11600,1922,2,1,2006,4,5,1180,0,0,5,252,1,1180,1,137500
8633,2005,3,2,2009,6,5,738,738,193,7,540,0,1476,2,173500
6629,1925,3,2,2009,6,6,697,672,551,6,300,0,1369,1,103600
11250,1977,3,1,2006,6,6,1208,0,767,6,546,1,1208,2,165000
14442,1957,3,2,2007,6,7,1839,0,1186,7,416,2,1839,2,257500
9200,1965,3,1,2008,6,6,1136,0,892,5,384,1,1136,1,140000
2289,1978,3,2,2009,6,6,855,586,311,7,440,1,1441,2,148500
9600,1900,4,2,2006,4,2,1095,679,0,8,779,0,1774,3,87000
9022,1924,2,1,2009,5,8,792,0,0,5,240,0,792,1,109500
11844,2008,3,2,2009,8,5,2046,0,0,7,834,1,2046,3,372500
9945,1961,3,1,2007,5,5,988,0,827,5,572,0,988,2,128500
8012,1980,2,2,2010,6,5,923,0,543,5,264,1,923,1,143000
4500,1932,3,1,2009,5,5,848,672,182,6,281,0,1520,1,159434
2887,1996,2,1,2008,6,5,1291,0,1003,6,431,1,1291,2,173000
11248,2002,3,2,2007,9,5,1668,0,1059,7,702,1,1668,3,285000
16770,1998,4,2,2010,7,5,1195,644,0,7,486,0,1839,2,221000
5062,1984,3,2,2007,7,5,1190,900,828,6,577,1,2090,2,207500
10207,2007,3,3,2007,7,6,874,887,0,7,578,0,1761,2,227875
5105,2004,2,2,2007,7,5,551,551,239,4,480,0,1102,2,148800
8089,2007,2,2,2007,8,6,1419,0,945,7,567,1,1419,2,392000
7577,2005,2,2,2007,6,5,1362,0,20,6,460,1,1362,2,194700
4426,2004,1,1,2008,6,5,848,0,697,3,420,1,848,2,141000
21535,1994,4,3,2007,10,6,2444,1872,1455,10,832,2,4316,3,755000
26178,1989,4,2,2006,7,5,1238,1281,965,9,628,2,2519,2,335000
5400,1921,2,1,2006,5,6,1073,0,0,4,326,0,1073,1,108480
6120,1936,3,1,2009,5,6,1067,472,0,5,576,0,1539,2,141500
13811,1987,2,2,2006,6,6,1137,0,980,5,551,1,1137,2,176000
6000,1921,2,1,2006,5,7,616,0,616,4,205,0,616,1,89000
6420,1952,2,1,2006,5,7,1148,0,210,6,308,0,1148,1,123500
8450,1965,3,1,2010,5,8,894,0,553,5,336,1,894,1,138500
4282,2004,2,2,2008,7,5,1391,0,16,5,530,0,1391,2,196000
14331,2002,3,2,2006,8,5,1800,0,1274,7,765,1,1800,3,312500
9600,1969,3,1,2006,7,5,1164,0,0,6,528,0,1164,2,140000
12438,2006,4,2,2006,8,5,1264,1312,0,10,666,1,2576,3,361919
7630,1900,4,2,2010,5,9,1032,780,0,8,672,1,1812,2,140000
8400,2004,3,2,2010,7,5,1484,0,712,7,606,0,1484,2,213000
5600,1930,3,2,2010,4,5,372,720,0,7,0,0,1092,0,55000
115149,1971,2,2,2007,7,5,1824,0,1219,5,739,2,1824,2,302000
6240,2006,2,2,2009,8,5,1324,0,863,6,550,1,1324,2,254000
9018,2007,3,2,2007,7,5,728,728,0,8,400,1,1456,2,179540
7162,1966,3,1,2008,5,7,904,0,0,6,408,0,904,1,109900
4130,1935,2,1,2008,3,6,729,0,0,5,0,0,729,0,52000
8712,1900,2,1,2010,4,7,859,319,0,7,384,0,1178,1,102776
4671,1988,2,2,2008,8,5,1228,0,767,5,472,1,1228,2,189000
9873,1970,3,1,2006,4,5,960,0,789,6,576,0,960,2,129000
13517,1976,3,2,2010,6,8,725,754,533,6,475,0,1479,2,130500
10140,1974,3,2,2009,6,5,1350,0,0,7,478,1,1350,2,165000
10800,1890,3,1,2007,7,8,1576,978,0,8,704,0,2554,2,159500
10000,1973,3,1,2008,5,6,1178,0,1084,5,439,1,1178,2,157000
10542,1993,3,2,2008,7,5,1325,1093,1173,9,983,1,2418,3,341000
9920,1969,3,1,2006,5,6,971,0,523,5,300,1,971,1,128500
6563,1985,2,2,2006,8,5,1742,0,1148,5,564,1,1742,2,275000
4426,2004,1,1,2010,6,5,848,0,662,3,420,0,848,2,143000
8120,1970,3,1,2009,4,7,864,0,191,5,463,0,864,2,124500
8172,1954,4,2,2008,4,6,997,473,0,7,548,0,1470,1,135000
13286,2007,3,2,2009,9,5,1698,0,1234,8,768,1,1698,3,320000
6960,1970,3,1,2009,4,6,864,0,375,5,660,0,864,2,120500
21695,1988,3,2,2009,6,9,1680,0,808,5,540,1,1680,2,222000
7314,2007,2,2,2009,7,5,1232,0,724,6,632,0,1232,2,194500
11475,1958,4,2,2009,5,5,1776,0,0,9,888,0,1776,3,110000
6240,1925,2,1,2009,4,5,848,0,152,5,539,0,1208,2,103000
5389,1995,2,2,2010,8,5,1616,0,1180,5,608,1,1616,2,236500
9590,2003,3,2,2007,7,5,1146,0,786,6,438,1,1146,2,187500
11404,1998,3,2,2008,7,5,1153,878,252,8,541,1,2031,2,222500
10000,1961,3,1,2009,5,6,1144,0,594,6,264,1,1144,1,131400
8978,1968,3,1,2007,5,5,948,0,0,6,300,0,948,1,108000
10800,1914,2,1,2006,7,7,880,888,390,6,320,2,1768,2,163000
8544,1950,2,2,2006,3,4,1040,0,0,6,400,0,1040,2,93500
10463,2005,3,2,2006,8,5,901,900,0,8,800,1,1801,3,239900
10800,1987,3,3,2009,5,5,1200,0,1200,5,0,0,1200,0,179000
9313,2004,3,2,2009,7,5,864,864,0,7,572,0,1728,2,190000
9600,1910,2,2,2007,5,7,768,664,0,7,360,0,1432,2,132000
6768,1961,3,1,2008,6,8,912,0,832,5,288,0,912,1,142000
8450,2000,3,2,2007,7,5,1349,0,0,6,539,0,1349,2,179000
12886,1963,3,2,2009,5,6,1464,0,444,6,480,1,1464,2,175000
5395,1993,2,2,2008,8,5,1337,0,733,5,462,1,1337,2,180000
8963,1976,4,3,2008,8,9,1175,1540,575,11,831,2,2715,2,299800
8795,2000,4,2,2009,7,5,980,1276,300,8,554,1,2256,2,236000
11700,1880,4,1,2009,7,7,1320,1320,0,8,864,1,2640,4,265979
10593,1996,3,2,2010,7,5,1720,0,919,7,527,1,1720,2,260400
8405,1945,4,2,2009,4,3,1088,441,0,9,240,0,1529,1,98000
8800,1910,3,1,2010,4,7,792,348,0,7,0,0,1140,0,96500
7750,2003,3,2,2007,7,5,660,660,0,6,400,0,1320,2,162000
9236,1997,3,2,2006,6,5,1494,0,1200,6,576,0,1494,2,217000
10240,2005,3,2,2006,8,5,1038,1060,0,8,878,1,2098,3,275500
7930,1969,3,1,2009,6,8,1026,0,439,5,440,0,1026,2,156000
3230,1999,3,2,2009,6,5,742,729,381,6,440,0,1471,2,172500
10769,2007,3,2,2009,8,5,866,902,20,7,578,0,1768,2,212000
11616,1978,3,2,2010,6,5,672,714,438,6,440,1,1386,2,158900
2280,1999,3,2,2008,7,5,757,744,549,6,440,0,1501,2,179400
12257,1995,4,2,2007,8,5,1328,1203,56,9,752,1,2531,3,290000
9100,1959,2,1,2009,6,6,864,0,612,5,300,0,864,1,127500
6911,1924,2,1,2009,5,5,1301,0,405,5,440,0,1301,2,100000
8640,2009,3,2,2010,7,5,764,783,24,7,614,0,1547,2,215200
9430,1999,3,2,2009,8,5,1268,1097,1163,8,856,1,2365,3,337000
9549,1995,2,1,2006,8,5,1494,0,437,6,481,1,1494,2,270000
14587,2008,2,2,2008,9,5,1506,0,0,6,592,1,1506,2,264132
10421,1988,3,2,2010,7,5,980,734,394,7,496,1,1714,2,196500
12508,1940,4,2,2008,6,7,983,767,660,7,423,0,1750,1,160000
9100,2004,3,2,2006,7,5,1836,0,24,8,484,1,1836,2,216837
53504,2003,4,3,2010,8,5,1690,1589,1416,12,841,1,3279,3,538000
7252,1982,2,1,2009,5,5,858,0,685,5,576,0,858,2,134900
8877,1951,2,1,2006,4,5,1220,0,836,6,396,0,1220,2,102000
7819,1976,3,1,2010,6,5,1117,0,422,6,672,1,1117,2,107000
10150,1958,2,1,2007,5,5,912,0,456,5,275,0,912,1,114500
14226,2006,3,2,2007,8,5,1973,0,0,9,895,1,1973,3,395000
4500,1998,2,2,2009,6,5,1204,0,866,5,412,0,1204,2,162000
11210,2005,3,2,2006,7,5,1614,0,20,7,865,0,1614,3,221500
13350,1974,3,1,2006,5,5,894,0,762,5,440,1,894,2,142500
8400,1977,4,2,2007,5,5,2020,0,0,10,630,2,2020,2,144000
10530,1977,2,1,2006,6,5,1004,0,975,4,504,0,1004,2,135000
7875,1995,3,2,2007,7,5,1253,0,0,6,402,1,1253,2,176000
7153,1992,3,2,2006,6,5,810,793,387,7,484,0,1603,2,175900
16285,2001,3,2,2009,7,5,1430,0,0,6,605,0,1430,2,187100
9101,1978,1,1,2009,5,6,1110,0,1097,4,602,1,1110,2,165500
6300,1914,3,2,2008,6,6,742,742,0,9,0,1,1484,0,128000
9790,1967,3,2,2009,6,5,1342,0,251,7,457,1,1342,2,161500
10800,1915,4,2,2010,5,6,966,686,686,7,416,0,1652,1,139000
10142,2004,4,2,2010,7,5,956,1128,656,8,618,0,2084,2,233000
6000,1954,2,1,2008,4,7,901,0,0,4,281,0,901,1,107900
12205,1966,5,2,2007,6,8,976,1111,568,9,444,0,2087,2,187500
3182,2005,2,2,2009,7,5,1145,0,16,5,397,1,1145,2,160200
11333,1976,3,1,2007,6,5,1062,0,539,5,539,2,1062,2,146800
9920,1996,3,2,2007,7,5,1127,886,862,8,455,1,2013,2,269790
9158,2007,3,2,2007,8,5,1496,0,0,7,474,0,1496,2,225000
10832,1994,3,2,2008,7,5,1086,809,0,7,409,1,1895,2,194500
8400,1980,3,2,2010,6,6,888,676,0,7,476,1,1564,2,171000
8197,1977,3,1,2007,6,5,1285,0,0,7,528,1,1285,2,143500
7677,1953,2,1,2008,5,5,773,0,570,4,240,0,773,1,110000
13518,2008,4,3,2009,9,5,1966,1174,0,11,820,2,3140,3,485000
7200,1937,3,1,2007,5,7,981,787,569,7,240,2,1768,1,175000
12798,1997,4,2,2008,6,5,616,1072,462,8,603,0,1688,2,200000
4800,1916,2,1,2007,4,7,1196,0,197,5,440,0,1196,2,109900
8199,2005,3,2,2008,7,5,728,728,648,7,410,1,1456,2,189000
13891,2008,4,3,2009,9,5,1734,1088,0,12,1020,1,2822,3,582933
9000,1954,2,1,2006,5,5,1128,0,812,5,286,0,1128,1,118000
12274,2008,3,2,2008,7,5,1428,0,0,6,554,0,1428,2,227680
9750,1967,3,2,2006,5,5,980,0,400,6,384,0,980,1,135500
21384,1923,3,1,2009,5,6,1072,504,1309,6,528,1,1576,2,223500
13400,1966,3,1,2006,5,5,1086,0,516,6,484,1,1086,2,159950
8100,1898,2,2,2009,5,5,1075,1063,0,11,360,0,2138,2,106000
10140,1974,3,1,2006,6,6,1309,0,663,5,484,1,1309,2,181000
4438,2004,1,1,2008,6,5,848,0,662,4,420,1,848,2,144500
8712,1952,2,1,2010,5,5,1044,0,0,4,504,0,1044,2,55993
9750,1958,4,1,2007,6,6,1442,0,608,7,301,0,1442,1,157900
8248,1918,3,1,2006,5,7,686,564,0,7,280,0,1250,1,116000
12137,1998,3,2,2010,7,5,1661,0,0,6,598,0,1661,2,224900
11425,1954,2,1,2006,5,6,1008,0,486,4,275,1,1008,1,137000
13265,2002,3,2,2008,8,5,1689,0,1218,7,857,2,1689,3,271000
8816,1971,3,1,2010,6,7,1052,0,504,6,440,0,1052,2,155000
6371,2009,2,2,2010,7,5,1358,0,733,6,484,1,1358,2,224000
7226,2003,3,2,2008,7,5,798,842,0,6,595,0,1640,2,183000
6000,1953,2,1,2009,4,4,936,0,0,4,576,0,936,2,93000
12394,2003,3,2,2007,7,5,847,886,0,7,433,1,1733,2,225000
9900,1940,3,2,2009,6,7,944,545,0,7,240,1,1489,1,139500
11216,2006,3,2,2006,8,5,1489,0,0,7,776,1,1489,2,232600
14803,2007,2,2,2008,10,5,2084,0,1636,7,1220,1,2084,3,385000
6130,1924,2,1,2008,5,6,784,0,784,5,0,0,784,0,109500
8529,2001,3,2,2009,7,5,1434,0,20,6,527,1,1434,2,189000
28698,1967,3,2,2009,5,5,1160,966,249,7,538,0,2126,2,185000
2544,2005,2,2,2006,7,5,520,623,0,4,480,0,1223,2,147400
11900,1957,3,1,2008,6,5,1392,0,1040,6,458,2,1392,2,166000
3180,2005,2,2,2006,7,5,520,600,0,4,480,0,1200,2,151000
9548,2003,3,2,2010,7,6,941,888,483,7,613,1,1829,2,237000
10004,1964,3,1,2009,6,6,1516,0,196,6,472,0,1516,2,167000
7875,1961,3,1,2008,5,6,1144,0,572,6,456,0,1144,2,139950
9600,1950,2,2,2010,4,7,1067,0,442,4,436,0,1067,2,128000
8100,1948,2,1,2007,5,6,1559,0,338,5,812,0,1559,2,153500
1680,1973,2,1,2008,6,5,483,504,330,5,264,0,987,1,100000
9525,1995,3,1,2008,5,6,1099,0,0,6,352,0,1099,1,144000
11767,1946,3,1,2008,5,6,768,432,352,6,240,0,1200,1,130500
12155,1925,4,2,2008,6,8,810,672,156,7,400,0,1482,1,140000
10440,1904,3,2,2008,5,8,958,581,0,8,686,1,1539,2,157500
9020,1966,3,1,2008,6,7,1165,0,312,6,490,0,1165,2,174900
8000,1961,6,2,2007,5,4,1800,0,0,10,0,0,1800,0,141000
12665,1915,4,1,2008,5,8,876,540,0,7,720,1,1416,3,153900
16647,1975,3,2,2007,5,5,1701,0,1390,6,611,2,1701,2,171000
9317,1993,3,2,2009,7,5,1006,769,513,7,425,1,1775,2,213000
15523,1972,3,1,2009,5,6,864,0,460,5,338,1,864,1,133500
45600,1908,5,3,2008,6,8,1307,1051,0,10,360,1,2358,2,240000
9600,1976,3,2,2007,6,7,1094,761,0,7,512,1,1855,2,187000
4435,2003,1,1,2007,6,5,848,0,659,3,420,0,848,2,131500
3196,2003,2,2,2006,8,5,1456,0,0,7,400,1,1456,2,215000
7128,1941,4,2,2007,7,5,918,728,364,7,240,2,1646,1,164000
12095,1964,3,1,2009,6,6,1445,0,564,7,645,1,1445,2,158000
17920,1955,3,1,2006,5,4,1779,0,306,6,454,1,1779,2,170000
6897,1962,3,1,2010,5,8,1040,0,659,6,260,0,1040,1,127000
10970,1978,3,1,2008,6,6,1026,0,505,5,576,0,1026,2,147000
8125,1994,3,2,2009,6,5,702,779,0,6,343,1,1481,2,174000
10400,1976,3,2,2009,7,5,1370,0,0,6,479,1,1370,2,152000
11029,1968,4,2,2006,6,7,1512,1142,619,9,619,1,2654,2,250000
7642,1918,3,1,2007,7,8,912,514,0,7,216,1,1426,1,189950
11625,1965,3,1,2010,5,4,1039,0,841,6,504,0,1039,2,131500
9672,1984,3,2,2010,6,5,1097,0,338,6,480,0,1097,2,152000
7931,1959,3,1,2009,5,5,1148,0,1148,6,672,0,1148,1,132500
8640,2007,3,2,2008,7,5,1372,0,0,6,529,0,1372,2,250580
8750,1970,3,1,2009,5,6,1002,0,828,5,902,0,1002,2,148500
10656,2006,3,2,2007,8,5,1646,0,0,6,870,1,1646,3,248900
6970,1961,3,1,2007,4,5,1120,0,932,5,544,0,1120,2,129000
14762,1948,2,2,2006,5,6,1547,720,0,7,672,1,2320,2,169000
9938,1993,3,2,2010,7,5,1062,887,750,8,574,1,1949,2,236000
6600,1962,2,1,2009,5,5,894,0,0,5,308,0,894,1,109500
8750,1998,3,2,2010,6,5,804,878,505,7,523,0,1682,2,200500
8892,1953,3,1,2008,5,7,910,0,0,5,414,0,910,2,116000
12144,1949,3,1,2009,5,7,1036,0,375,6,288,1,1268,1,133000
5720,1941,3,1,2009,5,6,676,455,0,5,200,0,1131,1,66500
9000,2007,4,2,2007,8,5,1184,1426,64,11,550,1,2610,2,303477
25286,1963,3,1,2007,4,5,1040,0,633,5,648,0,1040,2,132250
8834,2004,4,2,2009,9,5,1462,762,1170,10,738,1,2224,3,350000
11782,1961,3,1,2010,5,7,1155,0,899,6,576,0,1155,2,148000
7000,1978,3,1,2009,5,8,864,0,646,6,336,0,864,1,136500
7024,2005,2,1,2007,5,5,1090,0,980,5,450,0,1090,2,157000
13758,1990,3,2,2007,7,5,1187,530,902,7,400,1,1717,2,187500
9636,1992,3,2,2009,6,5,808,785,0,7,389,1,1593,2,178000
6204,1912,5,1,2006,4,5,954,795,0,10,440,0,2230,1,118500
7150,1967,3,1,2009,5,5,892,0,432,5,288,0,892,1,100000
5119,1999,2,2,2008,9,5,1709,0,1238,5,506,1,1709,2,328900
8393,1959,4,2,2006,5,5,1712,0,528,8,588,0,1712,2,145000
16466,1955,3,1,2008,5,7,872,521,0,8,300,0,1393,1,135500
15865,1970,4,2,2007,8,6,2217,0,351,8,621,1,2217,2,268000
12160,1953,2,1,2009,6,4,1505,0,1024,6,505,1,1505,2,149500
8064,1949,3,1,2007,5,7,672,252,0,6,576,1,924,2,122900
11184,1978,3,2,2009,6,5,918,765,226,7,440,1,1683,2,172500
8414,1963,3,1,2006,6,8,1068,0,663,6,264,0,1068,1,154500
13284,1954,3,1,2008,5,5,1383,0,1064,6,354,1,1383,1,165000
7018,1979,4,2,2009,5,5,1535,0,0,8,400,0,1535,2,118858
7056,1963,4,1,2008,6,5,983,813,400,8,483,1,1796,2,140000
8765,1936,2,1,2006,4,6,951,0,285,6,327,0,951,1,106500
7018,1979,6,2,2009,5,5,1120,1120,0,12,528,0,2240,2,142953
12919,2009,2,2,2010,9,5,2364,0,2188,11,820,2,2364,3,611657
6993,1961,3,1,2006,5,7,1236,0,465,6,288,1,1236,1,135000
7340,1971,2,1,2007,4,6,858,0,322,4,684,0,858,1,110000
8712,1957,2,1,2009,5,7,1306,0,860,5,756,0,1306,1,153000
7875,2003,3,2,2006,7,5,807,702,0,8,393,1,1509,2,180000
14859,2006,3,2,2006,7,5,1670,0,0,7,690,1,1670,3,240000
6173,1967,3,1,2007,5,6,902,0,599,6,288,0,902,1,125500
9920,1954,3,1,2010,5,5,1063,0,354,6,280,0,1063,1,128000
13501,2006,3,2,2007,8,5,1636,0,63,8,865,1,1636,3,255000
11500,1936,3,1,2006,7,7,1020,1037,223,6,180,1,2057,1,250000
8885,1983,2,1,2006,5,5,902,0,301,5,484,0,902,2,131000
12589,2005,3,2,2009,6,5,742,742,0,8,390,1,1484,2,174000
11600,1960,5,2,2010,5,5,1105,1169,443,12,480,0,2274,2,154300
9286,1977,3,1,2009,5,7,1268,0,196,5,252,0,1268,1,143500
6120,1925,3,1,2006,5,7,1015,0,489,6,450,0,1015,1,88000
6270,1949,4,2,2007,5,6,1001,1001,284,8,871,0,2002,3,145000
3000,2009,2,2,2009,6,5,612,612,294,4,528,0,1224,2,173733
2001,1970,3,1,2007,4,5,546,546,0,6,286,0,1092,1,75000
9000,1949,1,0,2006,2,3,480,0,50,4,308,0,480,1,35311
17140,1956,3,1,2009,4,6,1229,0,1059,6,284,0,1229,1,135000
13125,1991,4,2,2007,7,5,912,1215,48,8,833,1,2127,3,238000
11029,1958,3,1,2008,6,8,1414,0,528,6,601,1,1414,2,176500
8462,1994,3,2,2007,6,5,936,785,814,7,471,0,1721,2,201000
8777,1900,4,2,2008,5,7,1272,928,1084,9,0,0,2200,0,145900
10237,2005,3,2,2006,6,5,1316,0,28,6,397,1,1316,2,169990
8012,1993,2,2,2008,6,5,1617,0,165,5,533,1,1617,2,193000
10240,1980,3,2,2006,6,6,1686,0,625,7,612,1,1686,2,207500
15611,1977,3,2,2008,5,6,1126,0,767,6,540,0,1126,2,175000
11999,2003,4,2,2007,8,5,1234,1140,0,10,656,1,2374,3,285000
9900,1968,4,2,2008,7,5,1098,880,552,9,486,1,1978,2,176000
11838,2001,3,2,2009,8,5,1788,0,0,7,522,1,1788,2,236500
13006,1997,4,2,2006,7,5,993,1243,0,8,642,1,2236,2,222000
8925,2007,3,2,2009,8,5,1466,0,16,7,610,0,1466,3,201000
9100,1965,2,1,2009,5,6,925,0,338,5,429,0,925,1,117500
11670,2006,3,2,2007,9,5,1905,0,0,8,788,1,1905,3,320000
8487,2004,3,2,2009,7,5,1500,0,20,6,570,0,1500,2,190000
27650,1960,4,2,2008,7,7,2069,0,425,9,505,1,2069,2,242000
5825,1926,1,1,2006,4,5,747,0,0,5,528,0,747,2,79900
10083,2003,2,2,2009,7,5,1200,0,833,5,555,0,1200,2,184900
9675,2005,3,2,2009,7,5,1113,858,341,8,689,1,1971,2,253000
8760,2006,3,2,2006,7,5,1391,571,464,7,868,0,1962,3,239799
24090,1940,4,2,2010,7,7,1207,1196,0,10,349,2,2403,1,244400
12640,1976,4,2,2006,6,5,1728,0,936,8,574,0,1728,2,150900
8755,1999,3,2,2009,7,5,1022,1038,772,8,390,1,2060,2,214000
7711,1977,4,2,2007,4,3,1440,0,1440,8,0,0,1440,0,150000
25000,1967,4,2,2007,5,4,1632,0,0,8,576,0,1632,2,143000
14375,1958,3,1,2009,6,6,1344,0,111,7,525,1,1344,2,137500
8820,1890,2,1,2009,5,6,1188,561,1088,7,456,0,1869,2,124900
8163,1959,3,1,2006,5,6,1144,0,748,6,796,1,1144,1,143000
14536,2002,3,2,2007,8,5,1629,0,1300,9,808,1,1629,3,270000
14006,2002,3,2,2006,7,5,936,840,0,7,474,1,1776,2,192500
9360,1972,3,1,2010,6,7,1381,0,982,5,676,1,1381,2,197500
7200,1950,3,1,2007,5,8,864,0,398,5,720,0,864,2,129000
7800,1965,3,1,2006,5,5,965,0,641,6,300,0,965,1,119900
7200,1972,2,1,2009,5,8,768,0,660,5,396,0,768,1,133900
11075,1969,4,2,2008,5,4,1168,800,562,7,530,1,1968,2,172000
9400,1975,4,2,2006,6,5,980,0,945,4,0,0,980,0,127500
7136,1946,4,2,2007,6,6,979,979,484,8,492,0,1958,2,145000
1300,1980,2,1,2009,6,6,561,668,285,5,462,1,1229,2,124000
7420,1962,3,1,2007,5,5,1057,0,417,6,576,0,1057,2,132000
8450,2003,3,2,2007,7,5,1337,0,699,6,531,0,1337,2,185000
2572,1999,3,2,2010,7,5,696,720,604,6,484,0,1416,2,155000
7207,1958,2,1,2010,5,7,858,0,696,4,0,0,858,0,116500
12227,1977,4,2,2008,6,7,1542,1330,896,11,619,1,2872,2,272000
2308,1976,3,2,2007,6,6,804,744,556,7,440,1,1548,2,155000
11923,2007,2,2,2009,9,5,1800,0,0,7,702,0,1800,2,239000
11316,2002,4,2,2010,7,5,824,1070,624,8,510,1,1894,2,214900
10237,2005,3,2,2007,6,5,783,701,0,8,393,1,1484,2,178900
9600,1940,2,1,2009,5,7,976,332,428,7,256,2,1308,1,160000
7390,1955,3,1,2008,5,7,1098,0,902,6,260,0,1098,1,135000
5925,1910,2,1,2009,3,6,600,368,0,6,0,0,968,0,37900
10382,1958,2,1,2006,6,5,1095,0,513,6,264,0,1095,1,140000
10800,1949,4,1,2006,4,4,720,472,0,6,0,0,1192,0,135000
2268,2003,2,2,2009,7,5,764,862,567,6,474,0,1626,2,173000
7892,1979,2,2,2010,6,5,918,0,0,5,264,1,918,1,99500
11639,2007,3,2,2008,7,5,1428,0,0,6,480,0,1428,2,182000
11414,1910,3,1,2009,7,8,1136,883,0,8,532,0,2019,2,167500
2651,2000,3,2,2006,7,5,673,709,641,6,490,0,1382,2,165000
5900,1923,2,1,2006,4,7,869,0,0,4,0,0,869,0,85500
4274,2006,1,1,2007,7,5,1241,0,1106,4,569,0,1241,2,199900
9450,1954,3,1,2007,4,5,894,0,552,5,400,0,894,2,110000
8816,1963,3,1,2009,5,6,1121,0,651,5,480,0,1121,2,139000
12122,1961,3,1,2008,7,9,999,0,867,6,588,0,999,2,178400
12203,1998,4,2,2009,8,5,1276,1336,854,8,676,1,2612,3,336000
3182,2007,2,2,2008,7,5,1266,0,0,6,388,1,1266,2,159895
11250,2002,4,2,2008,8,5,1149,1141,0,9,779,1,2290,2,255900
10125,1977,4,2,2009,5,5,1302,432,0,8,539,0,1734,2,126000
10880,1950,3,1,2008,5,5,1164,0,1040,5,240,0,1164,1,125000
5310,1910,2,1,2006,6,8,1001,634,0,5,255,0,1635,1,117000
10159,2009,3,2,2010,9,5,1940,0,1646,8,606,1,1940,3,395192
12046,1976,4,2,2007,6,6,1118,912,156,8,551,1,2030,2,195000
8125,2006,3,2,2006,7,5,778,798,0,6,614,0,1576,2,197000
9452,1997,3,2,2006,8,5,1407,985,1074,7,870,1,2392,3,348000
17671,1882,4,1,2009,8,9,916,826,216,8,424,1,1742,2,168000
9760,1964,3,2,2007,6,8,1020,831,536,7,440,1,1851,2,187000
8846,2005,3,2,2006,6,5,750,750,0,6,564,0,1500,2,173900
12456,2006,3,2,2009,10,5,1718,0,1172,7,786,1,1718,3,337500
4712,1946,3,1,2006,4,7,774,456,384,5,305,0,1230,1,121600
10659,1961,3,1,2006,5,6,1050,0,915,6,368,0,1050,1,136500
11717,1970,2,2,2009,6,6,1442,0,0,6,615,1,1442,2,185000
9786,1922,3,1,2006,3,4,1077,0,0,6,210,1,1077,1,91000
6762,2006,2,2,2010,7,5,1208,0,686,6,632,0,1208,2,206000
10206,1952,2,1,2009,3,3,944,0,0,4,528,0,944,2,82000
5400,1920,2,1,2007,5,6,691,0,0,4,216,0,691,1,86000
11957,2006,3,2,2008,8,5,1574,0,24,7,824,1,1574,3,232000
11500,1976,4,2,2007,5,6,1680,0,0,8,528,0,1680,2,136905
3182,2005,1,2,2009,7,5,1504,0,16,7,457,1,1504,2,181000
8385,1977,3,2,2008,5,8,985,0,595,6,328,0,985,1,149900
12155,1970,3,2,2007,6,3,1657,0,1237,7,484,1,1657,2,163500
2217,1970,3,1,2009,4,4,546,546,273,6,286,0,1092,1,88000
12118,2004,3,2,2009,7,5,1710,0,0,7,550,1,1710,2,240000
6000,1926,4,2,2006,5,5,1008,0,0,7,0,0,1522,0,102000
21286,1948,4,2,2008,5,5,720,551,0,7,312,1,1271,1,135000
9825,1965,4,2,2010,5,5,1664,0,0,8,0,0,1664,0,100000
10592,1923,3,1,2007,6,7,900,602,0,7,180,2,1502,1,165000
7200,1910,2,1,2009,5,4,1022,0,247,4,280,0,1022,1,85000
11664,1948,2,1,2007,6,5,1082,0,336,5,240,1,1082,1,119200
8400,2001,3,2,2009,8,6,810,855,643,6,528,0,1665,2,227000
11883,1996,3,2,2009,7,5,1504,0,690,6,478,1,1504,2,203000
5814,1984,1,1,2009,8,5,1360,0,1036,4,565,1,1360,2,187500
10784,1991,3,2,2007,7,5,802,670,0,7,402,1,1472,2,160000
3013,2005,2,2,2006,7,5,1506,0,16,6,440,1,1506,2,213490
7024,2005,2,1,2008,4,5,1132,0,1024,5,451,0,1132,2,176000
7406,2006,2,2,2006,7,5,1220,0,684,6,632,0,1220,2,194000
9439,1930,2,1,2007,5,5,912,336,324,6,160,0,1248,1,87000
3182,2005,2,2,2008,7,5,1504,0,16,7,437,1,1504,2,191000
15498,1976,2,2,2008,8,6,2898,0,1165,10,665,1,2898,2,287000
7700,1972,3,1,2007,5,5,882,0,138,5,461,0,882,2,112500
9300,1960,3,1,2010,5,5,1264,0,697,6,461,2,1264,2,167500
9520,2007,3,2,2008,8,5,1646,0,1513,7,800,1,1646,3,293077
9492,1941,3,1,2007,5,5,968,408,368,6,240,1,1376,1,105000
1680,1972,3,1,2006,6,7,672,546,317,7,264,0,1218,1,118000
7082,1916,5,2,2006,5,8,948,980,0,10,0,0,1928,0,160000
15863,1920,5,2,2009,7,3,1687,998,523,12,672,2,3082,2,197000
14541,1993,5,2,2006,8,7,1352,1168,1012,10,796,1,2520,3,310000
8125,2002,3,2,2006,7,5,1654,0,986,6,900,0,1654,3,230000
6305,1938,2,1,2007,5,7,954,0,0,5,240,1,954,1,119750
11500,1957,3,1,2009,4,3,845,0,0,5,290,0,845,1,84000
12898,2007,2,2,2009,9,5,1620,0,1022,6,912,1,1620,3,315500
9240,2001,3,2,2008,8,5,1055,1208,0,7,905,1,2263,2,287000
1533,1970,3,1,2009,4,6,798,546,0,6,0,1,1344,0,97000
1477,1970,1,1,2009,4,4,630,0,509,3,286,0,630,1,80000
13125,1957,3,2,2006,5,4,1803,0,168,8,484,1,1803,2,155000
9130,1966,4,1,2008,6,8,800,832,400,7,484,0,1632,2,173000
5381,2005,1,2,2009,6,5,1306,0,900,5,624,1,1306,2,196000
11839,1990,4,2,2008,7,5,1532,797,1085,10,514,1,2329,2,262280
9600,1981,4,2,2009,8,5,2524,0,1104,9,542,1,2524,2,278000
13680,1955,4,2,2009,3,5,1733,0,0,8,452,1,1733,2,139600
16056,2005,4,3,2006,9,5,1992,876,240,11,716,1,2868,3,556581
9245,1994,3,1,2008,5,5,990,0,686,5,672,0,990,2,145000
21750,1960,3,1,2009,5,4,1771,0,0,9,336,1,1771,2,115000
11100,1946,2,1,2010,4,7,930,0,0,6,308,0,930,1,84900
8993,2007,3,2,2007,7,5,1302,0,0,6,436,0,1302,2,176485
11175,2007,3,2,2007,7,5,1316,0,0,6,440,1,1316,2,200141
9500,1964,4,1,2007,6,6,1127,850,442,9,540,1,1977,2,165000
8562,1957,4,1,2010,5,6,1526,0,383,7,364,1,1526,1,144500
11367,2002,3,2,2006,8,5,1091,898,932,7,586,1,1989,2,255000
11361,1976,3,2,2008,6,5,1523,0,644,7,478,1,1523,2,180000
7052,2005,2,2,2006,7,5,1364,0,659,6,484,1,1364,2,185850
29959,1994,3,2,2009,7,6,979,871,595,7,467,1,1850,2,248000
11308,2008,3,2,2009,9,5,1130,1054,936,10,836,1,2184,3,335000
11275,1932,3,1,2007,6,7,1096,895,297,7,432,1,1991,2,220000
4920,2001,2,2,2010,8,5,1338,0,616,6,582,0,1338,2,213500
18000,1935,2,1,2008,3,4,894,0,0,6,1248,0,894,3,81000
13600,1900,5,2,2007,5,5,1422,915,0,10,560,0,2337,2,90000
6000,1925,2,1,2006,6,6,1103,0,397,5,440,1,1103,2,110500
11000,1966,3,1,2009,5,6,1154,0,740,6,480,1,1154,2,154000
14000,1996,3,2,2010,7,5,1306,954,1201,7,533,0,2260,2,328000
7837,1993,3,2,2009,6,7,799,772,0,7,380,1,1571,2,178000
9760,1964,4,1,2008,6,6,798,813,674,7,442,0,1611,2,167900
3964,1973,5,2,2006,6,4,1291,1230,837,10,576,1,2521,2,151400
9600,1949,2,1,2007,5,7,893,0,220,4,576,0,893,2,135000
10152,1956,3,1,2007,5,5,1048,0,586,6,286,0,1048,1,135000
11700,1968,4,1,2009,6,6,829,727,298,8,441,0,1556,2,154000
7585,1948,4,1,2006,5,3,1002,454,0,7,280,1,1456,1,91500
7950,1977,3,1,2009,6,6,698,728,535,6,440,0,1426,2,159500
8556,2006,2,2,2007,7,5,1240,0,0,5,826,0,1240,3,194000
13125,1940,3,1,2007,7,6,960,780,410,6,240,2,1740,1,219500
10800,1936,3,2,2006,5,8,1096,370,626,7,566,1,1466,2,170000
15870,1969,3,1,2006,5,5,1096,0,75,6,299,0,1096,1,138800
4435,2004,1,1,2006,6,5,848,0,662,3,420,1,848,2,155900
8775,1994,3,1,2007,5,5,990,0,495,5,299,0,990,1,126000
11040,1971,3,2,2008,6,7,1258,0,656,5,528,0,1258,2,145000
7500,1963,3,1,2010,5,5,1040,0,824,5,308,0,1040,1,133000
8749,2002,3,2,2007,7,5,1459,0,0,6,527,1,1459,2,192000
8800,1964,3,1,2006,6,6,1251,0,553,6,461,2,1251,1,160000
13031,1995,3,2,2006,6,5,691,807,592,6,409,1,1498,2,187500
9069,1992,2,1,2010,6,6,996,0,747,5,564,0,996,2,147000
1974,1973,3,1,2010,4,5,546,546,334,6,286,0,1092,1,83500
10574,2005,3,2,2009,8,5,1082,871,0,9,1043,1,1953,3,252000
2522,2004,3,2,2006,7,5,970,739,0,7,380,0,1709,2,137500
3316,2005,1,1,2006,8,5,1247,0,1039,4,550,1,1247,2,197000
8544,1950,2,2,2009,3,4,1040,0,0,6,400,0,1040,2,92900
2160,1999,2,2,2008,7,5,624,628,510,4,462,0,1252,2,160000
8400,1925,4,2,2008,6,5,1390,304,423,7,576,1,1694,2,136500
9230,1965,1,1,2006,5,8,1200,0,661,6,884,0,1200,2,146000
5868,1956,2,1,2010,5,7,936,0,248,4,308,0,936,1,129000
9317,2006,3,2,2007,6,5,1314,0,24,6,440,1,1314,2,176432
6882,1914,3,1,2007,6,7,773,582,0,7,0,0,1355,0,127000
3696,1986,2,1,2007,8,5,1088,0,0,5,461,0,1088,2,170000
6000,1936,3,1,2009,4,6,757,567,672,6,240,0,1324,1,128000
11880,1978,3,2,2009,7,5,1601,0,704,7,478,1,1601,2,157000
8400,1920,1,1,2009,2,5,438,0,290,3,246,0,438,1,60000
9758,1971,3,1,2007,5,5,950,0,412,5,280,0,950,1,119500
7000,1960,2,1,2007,5,7,1134,0,588,6,254,0,1134,1,135000
8910,1959,3,1,2006,6,6,1194,0,655,6,539,1,1194,2,159500
2016,1970,3,2,2007,5,5,630,672,0,6,440,0,1302,2,106000
12256,1994,3,2,2010,8,5,1500,1122,1032,9,712,2,2622,2,325000
10357,1990,3,2,2007,7,5,1442,0,738,6,719,1,1442,2,179900
23257,2006,3,2,2006,7,5,887,1134,0,9,422,1,2021,2,274725
8063,2000,3,2,2007,6,5,948,742,0,7,463,1,1690,2,181000
11362,2004,3,2,2009,8,5,1836,0,1039,7,862,1,1836,3,280000
8000,1995,3,2,2008,6,5,773,885,219,8,431,1,1658,2,188000
10480,1976,4,2,2008,7,6,1098,866,403,8,483,1,1964,2,205000
7100,1957,2,1,2006,5,7,816,0,708,5,308,0,816,1,129900
8923,1953,2,1,2007,5,7,1008,0,643,6,240,0,1008,1,134500
5400,1954,2,1,2006,5,7,833,0,415,4,326,0,833,1,117000
12085,2007,3,2,2007,8,5,1734,0,1004,7,928,1,1734,3,318000
7750,2002,3,2,2009,8,5,779,640,353,7,527,1,1419,2,184100
9764,1967,3,1,2008,5,7,894,0,702,5,450,0,894,2,130000
13825,1958,3,1,2008,5,6,1021,580,0,6,300,0,1601,1,140000
7560,1959,3,1,2006,5,5,1040,0,369,6,286,0,1040,1,133700
8263,1920,2,1,2007,6,5,1012,0,0,6,308,1,1012,1,118400
10084,2005,3,2,2006,7,5,1552,0,24,7,782,0,1552,3,212900
8926,1956,3,1,2009,4,3,960,0,0,5,288,0,960,1,112000
9405,1947,2,1,2009,5,9,698,0,0,4,0,0,698,0,118000
9125,1992,3,2,2007,7,5,812,670,0,7,392,1,1482,2,163900
10434,1955,2,1,2009,4,5,1005,0,0,5,672,1,1005,2,115000
3684,2007,2,2,2009,7,5,1555,0,0,7,660,1,1555,3,174000
14572,2004,3,2,2007,7,5,1530,0,1300,7,630,1,1530,3,259000
11796,2004,4,2,2007,7,5,847,1112,0,8,434,1,1959,2,215000
7200,1980,2,1,2007,5,5,936,0,936,4,672,0,936,2,140000
7804,1928,4,2,2009,4,3,1328,653,622,7,576,2,1981,2,135000
10712,1991,3,1,2007,5,5,974,0,212,5,0,0,974,0,93500
9900,1880,5,2,2007,6,4,1178,1032,0,8,205,0,2210,1,117500
9828,1995,3,2,2009,8,5,1142,878,584,8,466,1,2020,2,239500
8773,1997,3,2,2007,6,5,916,684,0,7,460,1,1600,2,169000
6180,1926,2,1,2007,6,5,986,0,0,5,180,1,986,1,102000
9600,1950,3,1,2008,6,5,1032,220,280,6,288,0,1252,1,119000
6342,1875,2,1,2010,5,8,780,240,0,6,0,0,1020,0,94000
9819,1977,2,2,2009,6,5,1567,0,1567,5,714,2,1567,2,196000
8731,1920,3,1,2007,5,5,1167,0,645,6,495,1,1167,2,144000
7350,1951,2,1,2008,5,7,952,0,852,4,840,0,952,2,139000
10304,1976,4,2,2009,5,7,1088,780,381,9,484,1,1868,2,197500
9965,2006,4,3,2007,8,5,1466,1362,1150,11,1052,1,2828,3,424870
9000,1959,3,1,2008,5,3,1006,0,288,5,0,0,1006,0,80000
12180,1941,2,1,2010,4,4,672,252,348,5,280,0,924,1,80000
6240,1928,3,1,2006,5,6,1042,534,0,8,225,1,1576,1,149000
11200,1985,3,2,2006,6,5,1298,0,1258,5,403,1,1298,2,180000
12000,1941,3,1,2009,7,7,860,704,275,7,234,1,1564,1,174500
5700,1926,2,1,2008,7,7,572,539,0,5,288,1,1111,1,116900
9000,1920,3,1,2009,7,9,832,650,624,7,324,0,1482,2,143000
8280,1950,2,1,2007,6,5,932,0,0,4,306,1,932,1,124000
17755,1959,3,1,2006,5,4,1466,0,176,6,528,2,1466,2,149900
14115,1956,2,1,2006,6,7,1811,0,296,6,470,1,1811,2,230000
5890,1930,2,1,2008,6,8,816,0,538,5,432,0,816,1,120500
13700,1965,4,1,2008,7,6,902,918,454,8,492,2,1820,2,201800
10768,1976,3,2,2007,5,8,1437,0,1157,6,528,1,1437,2,218000
9350,1965,3,2,2008,5,8,1265,0,633,6,502,1,1265,2,179900
5001,2007,2,2,2009,7,5,1314,0,904,6,626,1,1314,2,230000
11932,2007,3,2,2008,8,5,1580,0,0,7,830,0,1580,3,235128
9120,1974,4,2,2008,6,6,943,933,442,8,540,1,1876,2,185000
2280,1978,3,2,2010,6,5,855,601,311,7,440,1,1456,2,146000
14778,1954,3,1,2008,6,7,1640,0,728,7,924,1,1640,2,224000
8724,1968,3,1,2007,5,5,894,0,492,5,450,1,894,2,129000
12900,1969,0,0,2008,4,4,1258,0,1198,6,400,0,1258,2,108959
16157,1978,2,1,2007,5,7,1432,0,680,5,588,1,1432,2,194000
9541,2009,3,2,2009,7,5,1502,0,0,7,644,0,1502,2,233170
10475,2008,3,2,2010,8,5,1694,0,0,7,776,0,1694,3,245350
10852,2000,3,2,2006,6,5,959,712,786,7,472,1,1671,2,173000
13728,1935,4,2,2008,6,7,1236,872,626,7,540,2,2108,2,235000
35760,1995,4,3,2006,10,5,1831,1796,1387,10,807,1,3627,3,625000
9880,1977,3,1,2008,6,6,1118,0,522,6,358,1,1118,1,171000
9120,1958,3,1,2008,6,6,1261,0,662,6,433,1,1261,2,163000
4017,2006,2,2,2008,7,5,625,625,0,5,625,0,1250,2,171900
18030,1946,3,3,2007,5,6,1636,971,152,12,0,1,3086,0,200500
16560,1932,4,2,2006,6,8,1170,1175,503,9,360,1,2345,2,239000
10678,1992,4,2,2007,8,5,2129,743,700,9,541,1,2872,2,285000
6951,1984,3,1,2008,5,5,923,0,658,5,264,0,923,1,119500
3950,1926,3,1,2009,6,8,818,406,468,5,210,0,1224,1,115000
7681,1921,3,1,2009,5,6,820,523,0,7,186,1,1343,1,154900
8335,1954,3,1,2006,5,5,1124,0,0,5,0,1,1124,0,93000
11170,1990,4,2,2006,7,5,1298,1216,1216,8,693,0,2514,2,250000
5587,2008,2,2,2008,8,5,1652,0,1480,5,482,1,1652,2,392500
15623,1996,4,3,2007,10,5,2411,2065,2096,10,813,2,4476,3,745000
10800,1920,2,1,2006,5,6,1130,0,821,5,720,1,1130,2,120000
35133,1963,3,1,2007,5,4,1572,0,1159,5,995,2,1572,3,186700
9738,1924,4,1,2006,5,7,949,272,392,7,392,0,1221,1,104900
10615,1900,3,2,2009,3,5,1014,685,440,7,420,0,1699,2,95000
12461,1994,2,2,2006,8,5,1624,0,1456,5,757,1,1624,3,262000
8935,2002,3,2,2009,7,5,831,829,0,7,493,0,1660,2,195000
7500,1999,3,2,2010,7,5,1028,776,0,7,442,1,1804,2,189000
32463,1961,3,1,2007,4,4,1622,0,1159,7,1356,1,1622,4,168000
2645,1999,2,2,2007,8,5,764,677,0,5,492,0,1441,2,174000
9600,1925,3,1,2007,5,8,842,630,0,6,250,0,1472,1,125000
4500,1999,2,2,2009,6,5,1224,0,883,5,402,0,1224,2,165000
9364,1969,4,1,2010,6,7,663,689,371,7,299,0,1352,1,158000
8029,2005,3,2,2008,6,5,728,728,0,8,400,0,1456,2,176000
14054,2006,4,2,2006,7,5,879,984,0,9,660,1,1863,3,219210
8850,1916,3,1,2006,7,6,815,875,0,7,225,1,1690,1,144000
9100,2001,3,2,2009,7,5,1212,0,0,6,573,0,1212,2,178000
11235,1963,3,1,2006,4,5,1382,0,547,6,459,1,1382,2,148000
9353,1970,3,1,2006,4,5,864,0,0,5,280,0,864,1,116050
10400,1998,3,2,2009,7,5,866,913,0,6,546,0,1779,2,197900
6000,1925,3,1,2009,5,8,884,464,0,5,216,1,1348,1,117000
9750,2000,3,2,2009,7,5,1630,0,0,6,451,1,1630,2,213000
10140,1975,3,1,2006,5,6,1074,0,788,6,495,0,1074,2,153500
14684,1990,3,2,2009,7,7,2196,0,485,7,701,1,2196,3,271900
8900,1966,2,1,2006,4,4,1056,0,1056,5,384,0,1056,1,107000
9135,2003,3,2,2006,6,5,1700,0,340,7,544,0,1700,2,200000
7763,1962,3,1,2008,5,7,1283,0,504,6,506,0,1283,2,140000
10182,2006,3,2,2006,8,5,1660,0,1220,8,500,1,1660,2,290000
11218,1992,3,2,2010,6,5,1055,790,0,8,462,1,1845,2,189000
12134,1988,4,2,2010,8,7,1080,672,427,8,492,0,1752,2,164000
9340,1941,2,1,2009,4,6,672,0,344,4,234,0,672,1,113000
10246,1965,0,0,2006,4,9,960,0,648,3,364,0,960,1,145000
10205,1962,3,1,2006,5,5,999,0,784,6,300,0,999,1,134500
7094,1966,3,1,2007,5,5,894,0,180,5,384,0,894,1,125000
8930,1978,4,2,2010,6,5,1318,584,0,8,539,0,1902,2,112000
8640,2009,3,2,2009,8,5,1314,0,936,6,552,0,1314,2,229456
6240,1947,2,1,2006,4,5,672,240,0,3,0,0,912,0,80500
1680,1971,3,1,2006,6,5,672,546,0,7,0,0,1218,0,91500
7800,1964,2,1,2006,5,5,912,0,312,5,288,0,912,1,115000
8250,1968,3,1,2008,5,5,1211,0,250,5,322,1,1211,1,134000
10496,1949,3,2,2007,6,6,1168,678,196,7,315,1,1846,1,143000
10680,1951,4,2,2006,5,3,2136,0,756,7,528,0,2136,2,137900
15384,2004,3,2,2008,7,5,788,702,724,8,388,1,1490,2,184000
10482,1958,3,1,2007,6,8,1138,0,507,6,264,0,1138,1,145000
14598,2007,4,2,2008,6,5,894,1039,0,9,668,1,1933,3,214000
8872,1965,2,1,2008,5,8,912,0,595,5,576,0,912,2,147000
8769,2008,1,1,2008,9,5,1702,0,1540,7,1052,1,1702,3,367294
7910,1960,4,2,2008,5,5,1507,0,666,7,404,0,1507,1,127000
18890,1977,4,2,2007,5,5,1361,1259,498,12,600,1,2620,2,190000
7728,1962,3,1,2006,5,6,1190,0,803,6,540,0,1190,2,132500
9842,1962,2,2,2007,4,5,1224,0,0,6,462,0,1224,2,101800
12160,1959,3,1,2010,5,5,1188,0,1000,6,531,0,1188,2,142000
8525,1911,4,1,2008,5,6,1024,940,0,7,0,0,1964,0,130000
13132,1914,4,1,2006,5,5,892,892,0,9,180,0,1784,1,138887
2628,2003,2,2,2010,7,5,764,862,0,6,474,0,1626,2,175500
12393,2004,4,2,2006,7,5,847,1101,0,8,434,1,1948,2,195000
13072,2005,3,1,2006,6,5,1141,0,0,6,484,0,1141,2,142500
9037,2006,2,2,2007,8,5,1484,0,428,6,472,1,1484,2,265900
8158,2003,3,2,2008,7,5,884,884,550,8,543,0,1768,2,224900
9849,2007,3,2,2007,7,6,1689,0,0,7,954,0,1689,3,248328
10625,1974,3,2,2010,7,6,1173,0,885,6,528,2,1173,2,170000
13891,2006,2,2,2006,10,5,2076,0,1386,7,850,1,2076,3,465000
11435,1929,3,1,2006,8,7,792,725,0,7,400,2,1517,2,230000
12090,1984,3,3,2007,6,7,1140,728,0,7,477,1,1868,2,178000
8125,2005,3,2,2006,7,5,756,797,0,6,615,0,1553,2,186500
12328,1976,3,1,2010,6,5,1034,0,539,6,888,0,1034,3,169900
9600,1917,3,1,2008,6,5,1134,924,319,8,396,1,2058,2,129500
7200,1950,3,1,2007,5,7,988,0,534,6,276,0,988,1,119000
11160,1968,3,2,2010,7,5,2110,0,1065,8,522,2,2110,2,244000
3136,2003,2,2,2006,7,5,1405,0,0,6,478,1,1405,2,171750
9858,1968,3,1,2009,5,6,874,0,510,5,288,0,874,1,130000
17542,1974,3,2,2007,7,7,1516,651,125,9,518,2,2167,2,294000
6931,2003,3,2,2008,7,5,760,896,0,7,397,1,1656,2,165400
6240,1931,3,1,2007,6,6,959,408,425,6,560,1,1367,1,127500
14303,1994,2,2,2008,8,5,1987,0,1314,7,691,1,1987,2,301500
4060,1922,2,1,2009,5,8,864,0,0,4,0,0,864,0,99900
9587,2005,2,2,2008,7,5,1166,0,655,5,400,0,1166,2,190000
9750,1969,3,1,2008,6,8,1054,0,602,6,460,0,1054,2,151000
24682,1999,3,2,2009,6,5,892,783,0,7,502,1,1675,2,181000
9600,1956,2,1,2009,5,6,1050,0,504,5,338,0,1050,1,128900
11250,1957,5,1,2009,4,5,1104,684,0,8,304,2,1788,1,161500
13515,1919,3,1,2007,6,6,1060,764,0,8,520,1,1824,2,180500
4060,1998,2,2,2008,6,5,1337,0,266,5,511,0,1337,2,181000
3735,1999,3,2,2006,7,5,713,739,450,6,506,0,1452,2,183900
10120,1910,4,1,2007,7,4,964,925,0,9,308,1,1889,1,122000
13214,2008,3,2,2010,9,5,2018,0,0,10,746,1,2018,3,378500
14100,1935,4,3,2008,8,9,1968,1479,192,11,1014,2,3447,3,381000
11344,1958,3,1,2007,5,5,874,650,460,7,315,0,1524,1,144000
23595,1979,0,0,2010,7,6,1332,192,1258,4,586,1,1524,2,260000
9156,1968,3,2,2009,6,7,1489,0,0,7,462,1,1489,2,185750
13526,1965,3,1,2006,5,6,935,0,560,5,288,0,935,1,137000
11512,1959,2,1,2008,6,7,1357,0,719,5,312,1,1357,1,177000
5362,1910,3,2,2007,5,6,661,589,0,8,552,1,1250,2,139000
11345,1948,4,2,2007,5,5,928,992,220,10,400,0,1920,2,137000
12936,1972,3,1,2009,6,6,735,660,593,6,497,1,1395,2,162000
17871,1967,3,1,2009,6,5,1724,0,528,7,480,1,1724,2,197900
9473,2002,3,2,2008,8,5,1128,903,804,7,577,1,2031,2,237000
7500,1920,2,1,2010,4,4,698,430,0,6,528,0,1128,2,68400
9808,2002,3,2,2009,7,5,1573,0,788,6,544,0,1573,2,227000
8049,1990,2,2,2006,7,5,1339,0,1053,6,484,1,1339,2,180000
8800,1977,3,2,2009,5,7,1040,0,532,5,484,0,1040,2,150500
9400,1971,4,2,2010,6,5,912,912,0,8,0,0,1824,0,139000
9638,1919,4,2,2010,6,7,1699,748,0,10,336,1,2447,1,169000
6000,1939,4,1,2009,6,6,825,587,0,6,280,1,1412,1,132500
9790,1963,3,1,2010,6,5,1328,0,569,6,528,2,1328,2,143000
36500,1964,4,2,2006,5,5,1582,0,812,7,390,0,1582,2,190000
5664,2000,2,2,2009,8,5,1659,0,1158,5,499,1,1659,2,278000
11065,2006,3,2,2006,8,5,1120,850,0,8,753,1,1970,3,281000
14112,1964,3,1,2010,5,7,1152,0,1014,6,484,1,1152,2,180500
1680,1972,3,2,2009,5,7,630,672,231,6,264,0,1302,1,119500
6600,1892,4,2,2009,5,4,1378,994,0,11,432,0,2372,1,107500
10140,1976,4,2,2006,7,5,832,832,194,8,528,1,1664,2,162900
8172,1955,2,1,2006,5,7,864,0,167,5,572,0,864,2,115000
8400,1968,3,1,2006,5,5,1052,0,1016,5,288,0,1052,1,138500
8700,1963,3,2,2008,5,6,1128,0,776,6,525,0,1128,2,155000
3675,2005,2,2,2006,6,5,1072,0,547,5,525,0,1072,2,140000
63887,2008,3,2,2008,10,5,4692,950,5644,12,1418,3,5642,2,160000
7500,1959,3,1,2010,5,7,1246,0,340,6,305,0,1246,1,154000
10762,1999,3,2,2009,7,5,1005,978,694,9,490,1,1983,2,225000
7500,1942,3,1,2009,6,7,753,741,547,7,213,2,1494,1,177500
10120,1994,4,2,2006,8,5,1203,1323,740,8,844,1,2526,3,290000
8688,2005,3,2,2006,7,5,1616,0,0,7,834,0,1616,3,232000
3363,2004,3,2,2006,7,5,976,732,0,7,380,0,1708,2,130000
13173,2006,2,2,2009,9,5,1652,0,1572,6,840,2,1652,2,325000
6955,2005,2,2,2006,7,5,1368,0,0,6,474,1,1368,2,202500
8072,1994,3,1,2009,5,5,990,0,746,5,480,0,990,2,138000
12000,1948,2,1,2008,5,7,1122,0,144,6,528,0,1122,2,147000
7153,1991,3,2,2008,6,5,1294,0,1200,6,496,0,1294,2,179200
17500,1959,3,2,2010,7,8,1902,0,1406,7,567,2,1902,2,335000
8814,2005,3,2,2007,7,5,1274,0,925,6,508,0,1274,2,203000
9572,1990,4,2,2007,8,5,1453,1357,482,9,750,1,2810,2,302000
14774,1999,4,2,2010,9,5,1422,1177,0,10,779,1,2599,3,333168
8190,1954,3,1,2007,4,6,948,0,732,5,280,1,948,1,119000
11075,1969,4,2,2008,6,5,1092,1020,500,9,576,2,2112,2,206900
10226,2008,3,2,2009,8,5,1630,0,0,8,860,1,1630,3,295493
4230,2006,2,2,2007,7,5,1352,0,0,5,466,1,1352,2,208900
14781,2001,3,2,2006,8,5,1787,0,0,7,748,1,1787,3,275000
10215,1954,3,1,2007,4,5,948,0,492,5,248,0,948,1,111000
8400,1957,3,1,2009,6,3,1478,0,189,6,442,2,1478,2,156500
6627,1949,2,1,2008,3,6,720,0,0,4,287,0,720,1,72500
10186,1992,3,2,2010,7,5,1061,862,674,8,564,1,1923,2,190000
5330,1940,2,1,2009,4,7,708,0,280,5,0,0,708,0,82500
9986,2006,2,2,2007,8,5,1795,0,0,7,895,1,1795,3,147000
3636,1922,2,1,2008,4,4,796,0,0,5,0,0,796,0,55000
4270,1931,3,1,2007,3,6,774,0,544,6,0,0,774,0,79000
6600,1982,3,1,2008,5,9,816,0,641,5,264,1,816,1,130500
10440,1920,5,2,2008,6,7,1584,1208,493,8,520,2,2792,2,256000
9084,1998,3,2,2006,7,5,955,677,0,8,462,1,1632,2,176500
10000,2006,3,2,2007,8,5,1588,0,0,7,825,1,1588,3,227000
10780,1976,3,1,2006,5,5,954,0,483,6,576,0,954,2,132500
8877,1938,2,1,2009,4,6,816,0,690,3,288,1,816,1,100000
7200,1938,2,1,2006,5,6,803,557,0,6,297,0,1360,1,125500
2368,1970,3,1,2009,5,6,765,600,765,7,440,0,1365,2,125000
9650,1977,2,2,2009,6,5,1334,0,686,6,630,1,1334,2,167900
9246,1973,4,2,2008,5,5,1656,0,0,8,506,0,1656,2,135000
4118,1941,2,1,2006,4,4,693,0,0,4,0,0,693,0,52500
13450,2002,3,2,2006,7,5,920,941,700,8,492,0,1861,2,200000
9560,1972,3,1,2006,5,7,864,0,360,5,288,0,864,1,128500
8294,1971,3,1,2007,4,5,872,0,0,5,480,0,872,4,123000
13695,2003,3,1,2008,6,5,1114,0,814,6,576,0,1114,2,155000
9375,2002,3,2,2007,8,5,1284,885,0,7,647,1,2169,2,228500
7558,1928,3,1,2009,6,6,1172,741,0,9,342,1,1913,2,177000
11103,2006,3,2,2007,7,5,728,728,0,8,440,1,1456,2,155835
6000,1920,2,1,2007,4,4,960,0,250,5,308,0,960,1,108500
20781,1968,3,2,2006,7,7,2156,0,297,9,508,1,2156,2,262500
15306,2006,3,2,2007,8,5,1776,0,80,7,712,1,1776,3,283463
16196,1998,3,2,2007,7,5,1494,0,1443,5,514,1,1494,2,215000
5250,1872,4,2,2008,8,5,938,1215,259,8,0,0,2358,0,122000
11643,1969,6,2,2009,5,5,1338,1296,500,12,968,0,2634,4,200000
9247,1962,4,1,2008,6,6,858,858,319,8,490,1,1716,2,171000
6000,1937,2,1,2009,6,9,786,390,0,4,624,0,1176,2,134900
14720,1995,4,2,2010,8,5,2053,1185,816,9,666,1,3238,3,410000
10316,2000,3,2,2008,7,5,992,873,735,7,839,1,1865,3,235000
10192,1968,4,3,2006,7,6,1222,698,0,8,487,1,1920,2,170000
9477,1966,3,1,2008,5,5,892,0,340,5,264,0,892,1,110000
12537,1971,3,1,2010,5,6,1078,0,734,6,500,1,1078,2,149900
2117,2000,3,2,2010,6,5,769,804,378,5,440,0,1573,2,177500
16737,2004,3,2,2006,9,5,1980,0,1447,8,770,1,1980,3,315000
9842,1921,4,3,2008,5,6,990,1611,0,8,621,0,2601,2,189000
16158,2005,3,2,2009,7,5,1530,0,1274,7,430,1,1530,2,260000
12513,1920,4,2,2009,4,4,1281,457,0,7,368,1,1738,1,104900
8499,2006,3,2,2007,6,5,616,796,0,6,432,1,1412,2,156932
3180,2005,2,2,2006,7,5,520,600,0,4,480,0,1200,2,144152
7500,2000,3,2,2010,7,5,814,860,533,7,663,0,1674,2,216000
9179,1999,3,2,2008,7,5,882,908,633,7,588,0,1790,2,193000
2665,1977,4,2,2006,5,6,925,550,548,6,336,1,1475,1,127000
4435,2003,1,1,2009,6,5,848,0,685,4,420,0,848,2,144000
10635,2003,3,2,2010,8,5,1668,0,370,8,502,1,1668,2,232000
5400,1920,2,1,2009,4,6,840,534,315,6,338,0,1374,1,105000
9600,1955,3,1,2008,6,6,1661,0,831,8,377,1,1661,1,165500
9750,1998,3,2,2006,7,6,1108,989,975,8,583,1,2097,2,274300
11400,2001,2,2,2007,10,5,2633,0,1282,8,804,2,2633,3,466500
10625,2005,3,2,2008,7,5,1026,932,0,9,936,1,1958,3,250000
10991,2007,3,2,2007,8,5,1571,0,0,7,722,1,1571,3,239000
6292,1930,2,1,2008,6,5,790,0,384,4,160,0,790,1,91000
10998,1941,3,2,2009,5,5,984,620,408,6,660,0,1604,2,117000
1953,1973,2,1,2006,6,5,483,504,309,5,264,0,987,1,83000
9735,2006,3,2,2008,5,5,754,640,0,7,400,0,1394,2,167500
8212,1914,2,1,2010,3,3,864,0,203,5,200,0,864,1,58500
12925,1970,4,2,2008,6,7,2117,0,865,7,550,2,2117,2,237500
7200,1920,4,1,2006,7,7,998,764,0,8,576,0,1762,2,157000
25339,1918,3,2,2007,5,7,1416,0,0,7,576,0,1416,2,112000
9060,1939,2,1,2009,6,5,698,560,204,6,280,0,1258,1,105000
5436,1922,3,1,2010,4,8,796,358,735,7,240,0,1154,1,125500
16692,1978,5,3,2006,7,5,1392,1392,790,12,564,2,2784,2,250000
8520,1916,5,2,2007,6,7,1664,862,168,10,216,1,2526,1,136000
14892,2006,3,2,2009,9,5,1746,0,1320,7,758,2,1746,3,377500
6000,1941,3,1,2007,6,6,869,349,375,6,440,1,1218,2,131000
9100,2000,3,2,2006,7,5,1525,0,1400,6,541,0,1525,2,235000
8944,1967,4,2,2009,5,5,1584,0,0,8,792,0,1584,3,124000
7838,1967,3,1,2006,5,5,900,0,769,6,288,1,900,1,123000
10800,1905,3,2,2008,6,7,1221,691,0,7,672,1,1912,2,163000
4045,2006,2,2,2006,7,5,1500,0,1070,6,648,1,1500,3,246578
12665,2005,4,2,2007,8,5,1133,1349,0,9,642,1,2482,3,281213
57200,1948,3,1,2010,5,5,1687,0,353,7,572,2,1687,2,160000
6120,1920,4,1,2007,5,8,939,574,0,8,180,0,1513,1,137500
7200,1950,3,1,2009,5,4,1136,768,180,7,240,0,1904,1,138000
6171,1925,3,2,2009,6,6,1160,448,264,7,216,1,1608,1,137450
6000,1929,3,1,2008,6,7,950,208,0,5,208,1,1158,1,120000
7415,2004,3,2,2008,6,5,864,729,759,8,398,1,1593,2,193000
6762,2006,2,2,2006,7,5,1294,0,0,6,662,1,1294,2,193879
15256,2007,3,2,2007,8,5,1464,0,929,6,754,0,1464,3,282922
10410,1915,3,1,2006,3,4,694,520,0,6,936,0,1214,3,105000
3842,2004,2,2,2008,8,5,1646,0,1373,5,482,1,1646,2,275000
8445,1972,2,1,2009,5,7,768,0,656,5,396,0,768,2,133000
8780,1985,3,1,2009,5,5,833,0,625,5,0,0,833,0,112000
7740,1910,3,1,2010,4,7,741,622,0,6,528,0,1363,2,125500
20544,1986,3,2,2008,7,6,1236,857,0,7,542,1,2093,2,215000
12420,2001,3,2,2009,7,5,944,896,666,6,622,0,1840,2,230000
9600,1950,3,1,2009,6,8,1112,556,120,6,271,0,1668,1,140000
7200,1949,2,2,2009,4,5,1040,0,0,6,420,0,1040,2,90000
10994,2005,2,2,2009,8,5,1844,0,976,7,620,1,1844,2,257000
13053,1923,4,1,2008,6,7,1053,795,0,8,370,1,1848,2,207000
3635,2007,1,2,2009,7,5,1569,0,988,7,660,1,1569,3,175900
11340,1885,4,2,2010,4,6,1246,1044,0,11,560,0,2290,2,122500
16545,1998,3,2,2009,8,5,1310,1140,781,7,1069,1,2450,3,340000
9204,1963,3,1,2008,5,5,1144,0,25,6,336,0,1144,1,124000
16381,1969,3,2,2006,6,5,1844,0,1110,7,540,1,1844,2,223000
11700,1968,3,2,2006,6,6,708,708,404,7,776,1,1416,2,179900
4043,1977,2,2,2010,6,5,1069,0,360,4,440,1,1069,2,127500
4435,2003,1,1,2008,6,5,848,0,686,3,420,0,848,2,136500
19690,1966,4,2,2006,6,7,1575,626,0,8,432,1,2201,2,274970
9503,1958,2,1,2007,5,5,1344,0,457,6,484,1,1344,1,144000
10721,1959,3,1,2008,6,6,1252,0,0,7,528,0,1252,2,142000
10944,1994,3,2,2008,7,5,1223,904,1000,5,525,2,2127,2,271000
10930,1945,3,1,2008,5,6,1048,510,580,6,288,1,1558,1,140000
7200,1940,2,1,2010,5,7,804,0,510,4,240,2,804,1,119000
12546,1981,3,2,2007,6,7,1440,0,678,7,467,1,1440,2,182900
21930,2005,4,2,2006,5,5,734,1104,0,7,372,1,1838,2,192140
4928,1976,2,2,2009,6,6,958,0,958,5,440,0,958,2,143750
10800,1927,4,2,2007,4,6,968,0,0,5,216,0,968,1,64500
10261,2000,3,2,2008,6,5,962,830,0,8,451,1,1792,2,186500
17400,1977,3,2,2006,5,5,1126,0,936,5,484,1,1126,2,160000
8400,1962,3,1,2008,6,9,1537,0,0,7,462,1,1537,2,174000
9000,1971,3,1,2007,4,6,864,0,616,5,528,0,864,2,120500
12444,2008,2,2,2008,8,5,1932,0,1336,7,774,1,1932,3,394617
7407,1957,2,1,2010,6,7,1236,0,600,6,923,0,1236,2,149700
11584,1979,3,2,2007,7,6,1040,685,315,6,550,1,1725,2,197000
11526,1922,3,2,2008,6,7,1423,748,0,11,672,1,2555,2,191000
4426,2004,1,1,2008,6,5,848,0,697,3,420,1,848,2,149300
11003,2008,3,2,2009,10,5,1026,981,765,10,812,1,2007,3,310000
8854,1916,2,1,2009,6,6,952,0,0,4,192,1,952,1,121000
8500,2004,3,2,2007,7,5,1422,0,0,7,626,0,1422,2,179600
8400,1966,3,1,2007,6,5,913,0,187,6,240,0,913,1,129000
26142,1962,3,1,2010,5,7,1188,0,593,6,312,0,1188,1,157900
10000,1995,3,2,2007,8,5,1220,870,1079,8,556,1,2090,2,240000
11767,1910,2,1,2007,4,7,796,550,0,6,384,0,1346,1,112000
1533,1970,1,1,2006,5,7,630,0,553,3,0,0,630,0,92000
9000,1974,4,2,2009,5,5,896,896,0,8,0,0,1792,0,136000
9262,2008,3,2,2009,8,5,1578,0,0,7,840,1,1578,3,287090
3675,2005,2,1,2006,5,5,1072,0,547,5,525,0,1072,2,145000
17217,2006,3,1,2006,5,5,1140,0,0,6,0,0,1140,0,84500
7500,2004,2,2,2009,7,5,1221,0,410,6,400,0,1221,2,185000
7917,1999,3,2,2007,6,5,953,694,0,7,460,1,1647,2,175000
13175,1978,3,2,2010,6,6,2073,0,790,7,500,2,2073,2,210000
9042,1941,4,2,2010,7,9,1188,1152,275,9,252,2,2340,1,266500
9717,1950,2,1,2010,5,6,1078,0,49,5,240,0,1078,1,142125
9937,1965,3,1,2008,5,6,1256,0,830,6,276,0,1256,1,147500
,,,,,,,,,,,548,,,,