9439,1930,2,1,2007,5,5,912,336,324,6,160,0,1248,1,8,2,1,1,1,1,1,1,1,1,3,1,1,3,6,2,2,1,2,2,1,1,7,1,1,2,1,3,2,1,1,2,2,2,2,1,1,1,1,1,1
3182,2005,2,2,2008,7,5,1504,0,16,7,437,1,1504,2,22,1,1,1,1,1,1,1,1,4,2,1,1,1,1,1,1,1,1,1,2,1,1,1,1,1,1,1,1,1,3,1,3,1,1,1,1,1,1,1,1
15498,1976,2,2,2008,8,6,2898,0,1165,10,665,1,2898,2,17,1,1,1,2,1,3,1,1,1,2,2,4,13,4,2,1,1,2,1,1,4,2,6,1,3,1,1,1,1,3,1,3,1,1,1,1,1,1,3,2
7700,1972,3,1,2007,5,5,882,0,138,5,461,0,882,2,1,1,1,1,1,1,3,1,1,1,2,1,1,1,1,2,2,1,2,2,1,1,7,5,1,3,1,1,2,1,1,2,2,1,1,1,1,2,1,1,1
9300,1960,3,1,2010,5,5,1264,0,697,6,461,2,1264,2,12,1,1,1,1,1,1,1,2,1,2,1,1,2,4,1,2,1,2,2,1,1,4,1,1,3,1,1,2,1,3,1,2,1,1,1,1,1,1,1,1
9520,2007,3,2,2008,8,5,1646,0,1513,7,800,1,1646,3,17,1,1,1,2,4,1,1,1,1,2,1,1,1,1,3,1,1,1,1,1,2,1,1,1,1,1,1,1,1,3,1,1,1,1,1,1,1,1,2,3
9492,1941,3,1,2007,5,5,968,408,368,6,240,1,1376,1,12,1,1,1,1,1,1,1,4,1,3,1,1,6,3,2,2,1,2,2,1,1,4,2,1,3,1,1,2,1,3,1,2,1,1,1,1,1,1,1,1
1680,1972,3,1,2006,6,7,672,546,317,7,264,0,1218,1,23,2,1,1,1,1,1,1,1,5,1,1,1,4,4,1,2,1,2,2,1,1,5,1,1,2,1,1,2,1,1,2,2,1,1,1,1,1,1,1,1
7082,1916,5,2,2006,5,8,948,980,0,10,0,0,1928,0,24,5,1,1,1,1,1,1,1,2,1,1,1,1,1,2,2,1,1,2,1,3,3,1,1,2,1,1,2,1,1,5,4,4,3,2,1,1,1,1,1
15863,1920,5,2,2009,7,3,1687,998,523,12,672,2,3082,2,24,1,1,1,1,1,3,1,1,1,8,1,1,3,5,2,2,1,3,2,1,1,1,1,1,1,1,1,2,1,2,6,3,1,1,1,1,1,1,1,1
14541,1993,5,2,2006,8,7,1352,1168,1012,10,796,1,2520,3,4,1,1,1,2,1,3,1,1,1,1,1,1,2,2,2,1,2,1,1,2,1,1,1,1,1,1,1,1,1,2,1,1,1,1,1,1,1,1,1,2
8125,2002,3,2,2006,7,5,1654,0,986,6,900,0,1654,3,1,1,1,1,1,1,1,1,1,1,2,1,1,1,1,3,1,1,1,1,1,1,1,1,1,1,1,1,1,1,1,1,2,1,1,1,1,1,1,1,1
6305,1938,2,1,2007,5,7,954,0,0,5,240,1,954,1,3,1,1,1,1,2,1,1,1,1,2,1,1,2,2,2,2,2,1,5,4,1,3,1,1,1,1,1,4,1,3,6,2,2,1,1,1,2,1,1,1
11500,1957,3,1,2009,4,3,845,0,0,5,290,0,845,1,16,1,1,1,2,1,4,1,1,1,2,1,1,3,6,2,2,2,5,4,3,5,6,3,1,1,2,1,2,1,1,2,2,1,1,2,1,1,1,1,1
12898,2007,2,2,2009,9,5,1620,0,1022,6,912,1,1620,3,17,1,1,1,2,4,1,1,1,1,2,2,1,1,1,3,1,1,1,3,1,2,1,1,1,1,1,1,3,1,5,1,3,1,1,1,1,1,1,1,1
9240,2001,3,2,2008,8,5,1055,1208,0,7,905,1,2263,2,1,1,1,1,1,1,1,1,1,1,1,1,1,1,1,1,1,1,1,1,1,1,3,1,1,1,1,1,1,1,2,3,3,1,1,1,1,1,1,1,1
1533,1970,3,1,2009,4,6,798,546,0,6,0,1,1344,0,15,2,1,1,1,1,1,1,1,5,1,1,1,7,7,2,2,1,2,2,1,1,3,1,1,3,1,1,2,1,2,5,4,4,3,1,1,1,1,1,1
1477,1970,1,1,2009,4,4,630,0,509,3,286,0,630,1,15,2,1,1,1,1,1,1,1,4,5,1,1,7,7,2,2,1,2,1,1,4,1,1,1,3,1,1,2,1,1,1,2,1,1,1,1,1,1,1,1
13125,1957,3,2,2006,5,4,1803,0,168,8,484,1,1803,2,10,1,1,1,1,1,3,1,1,1,2,1,1,3,6,4,2,1,2,2,1,1,4,2,1,1,1,1,2,3,2,1,1,1,1,1,1,4,1,1,1
9130,1966,4,1,2008,6,8,800,832,400,7,484,0,1632,2,7,1,1,1,1,1,1,1,2,1,1,2,1,4,4,1,2,1,2,2,1,1,1,5,1,2,1,1,1,1,1,1,2,1,1,1,1,1,1,1,1
5381,2005,1,2,2009,6,5,1306,0,900,5,624,1,1306,2,11,1,1,1,2,1,1,1,1,5,2,1,1,1,1,3,1,1,1,1,1,4,2,1,1,1,1,1,1,1,3,1,1,1,1,1,1,1,1,1,1
11839,1990,4,2,2008,7,5,1532,797,1085,10,514,1,2329,2,13,1,1,1,1,1,1,1,1,1,1,2,1,4,4,1,2,1,1,1,1,1,1,1,1,1,1,1,1,1,5,1,2,1,1,1,1,1,1,1,1
9600,1981,4,2,2009,8,5,2524,0,1104,9,542,1,2524,2,7,1,1,1,1,1,1,1,3,1,2,2,2,5,8,2,1,1,1,1,1,1,2,1,1,3,1,1,1,1,3,1,3,1,1,1,1,2,1,1,1
13680,1955,4,2,2009,3,5,1733,0,0,8,452,1,1733,2,16,1,1,1,2,1,4,1,1,1,2,2,1,5,6,2,2,1,5,4,3,5,6,3,1,1,1,3,2,4,3,1,2,1,1,1,1,1,1,1,1
16056,2005,4,3,2006,9,5,1992,876,240,11,716,1,2868,3,19,1,1,1,2,1,1,1,1,1,1,2,1,7,7,3,1,1,1,3,1,4,1,1,1,1,1,1,3,1,3,3,3,1,1,1,1,1,1,2,3
9245,1994,3,1,2008,5,5,990,0,686,5,672,0,990,2,1,1,1,1,3,1,1,1,1,1,2,1,1,1,1,2,2,1,1,1,1,1,1,1,1,1,1,1,2,1,1,2,2,1,1,1,1,1,1,1,1
21750,1960,3,1,2009,5,4,1771,0,0,9,336,1,1771,2,5,1,1,1,1,1,1,1,1,1,2,2,1,4,4,1,2,3,5,4,3,5,6,3,1,3,1,1,2,2,2,1,2,1,1,1,1,4,1,1,1
11100,1946,2,1,2010,4,7,930,0,0,6,308,0,930,1,16,1,1,1,1,3,1,1,1,1,2,1,1,2,2,2,2,1,2,4,3,5,6,3,1,1,1,1,1,1,1,2,2,1,1,1,1,1,1,1,2
8993,2007,3,2,2007,7,5,1302,0,0,6,436,0,1302,2,18,1,1,1,2,1,1,1,1,1,2,1,1,1,1,2,1,1,1,1,1,4,3,1,1,1,1,1,1,1,1,1,3,1,1,1,1,1,1,2,3
11175,2007,3,2,2007,7,5,1316,0,0,6,440,1,1316,2,1,1,1,1,2,1,3,1,1,1,2,1,1,1,1,2,1,1,1,1,1,4,3,1,1,1,1,1,1,1,3,1,3,1,1,1,1,1,1,2,3
9500,1964,4,1,2007,6,6,1127,850,442,9,540,1,1977,2,12,1,1,1,1,1,3,2,4,1,1,1,1,1,1,4,2,1,2,2,1,1,4,1,1,3,1,1,2,1,2,1,1,1,1,1,1,4,1,1,1
8562,1957,4,1,2010,5,6,1526,0,383,7,364,1,1526,1,16,1,1,1,1,1,1,1,1,1,2,2,1,4,4,3,2,1,2,2,1,4,4,1,1,1,1,3,2,4,3,6,2,1,1,1,1,1,1,1,1
11367,2002,3,2,2006,8,5,1091,898,932,7,586,1,1989,2,1,1,1,1,1,1,3,1,1,1,1,1,1,1,1,1,1,1,1,1,1,3,1,1,1,1,1,1,1,1,3,1,3,1,1,1,1,1,1,1,1
11361,1976,3,2,2008,6,5,1523,0,644,7,478,1,1523,2,7,1,1,1,1,1,1,1,1,1,2,1,1,8,5,1,2,1,2,1,1,1,2,1,1,3,1,1,2,1,2,1,3,1,1,1,1,2,1,3,2
7052,2005,2,2,2006,7,5,1364,0,659,6,484,1,1364,2,11,1,1,1,2,1,1,1,1,4,2,1,1,1,1,3,1,1,1,1,1,4,1,1,1,1,1,1,1,1,3,1,1,1,1,1,1,1,1,1,1
29959,1994,3,2,2009,7,6,979,871,595,7,467,1,1850,2,4,1,1,1,3,1,2,1,1,1,1,1,1,4,4,2,1,1,1,1,1,1,1,1,1,1,1,1,1,1,3,3,3,1,1,1,1,1,1,1,1
11308,2008,3,2,2009,9,5,1130,1054,936,10,836,1,2184,3,11,1,1,1,2,1,1,2,1,1,1,1,1,1,1,3,3,1,1,3,1,4,1,1,1,1,1,1,3,1,3,1,3,1,1,1,1,1,1,1,1
11275,1932,3,1,2007,6,7,1096,895,297,7,432,1,1991,2,3,1,1,1,2,4,3,1,1,1,3,1,1,2,2,1,2,1,2,2,1,3,4,6,1,3,1,1,2,1,3,2,2,1,2,1,1,1,1,1,1
4920,2001,2,2,2010,8,5,1338,0,616,6,582,0,1338,2,19,1,1,1,1,1,1,1,1,4,2,1,1,7,7,2,1,1,1,1,1,3,1,1,1,1,1,1,1,1,1,1,3,1,1,1,1,1,1,1,1
18000,1935,2,1,2008,3,4,894,0,0,6,1248,0,894,3,14,3,2,1,1,3,1,1,1,1,2,1,1,2,2,2,4,1,2,2,1,1,3,1,1,3,1,1,2,1,1,2,1,1,1,1,1,1,2,4,1
13600,1900,5,2,2007,5,5,1422,915,0,10,560,0,2337,2,8,2,1,2,1,1,1,1,1,2,1,1,1,3,6,2,2,1,3,2,1,1,3,1,1,3,2,1,2,4,1,2,2,1,1,1,1,1,1,1,1
6000,1925,2,1,2006,6,6,1103,0,397,5,440,1,1103,2,8,2,1,1,1,1,1,1,4,1,2,1,1,2,2,2,2,2,3,2,1,1,5,1,1,2,1,1,1,1,3,2,2,1,1,1,1,2,1,1,1
11000,1966,3,1,2009,5,6,1154,0,740,6,480,1,1154,2,12,1,1,1,2,1,4,2,1,1,2,1,1,8,5,1,2,1,2,2,1,3,5,5,1,1,1,1,2,1,6,1,1,1,1,1,1,2,1,1,1
14000,1996,3,2,2010,7,5,1306,954,1201,7,533,0,2260,2,20,1,1,1,1,1,1,1,1,1,1,1,1,3,6,2,1,1,1,3,1,2,1,1,1,1,1,1,1,1,1,1,1,1,1,1,1,1,1,1,1
7837,1993,3,2,2009,6,7,799,772,0,7,380,1,1571,2,18,1,1,1,2,1,1,2,1,1,1,1,1,1,1,2,1,1,1,1,1,1,3,1,1,2,1,1,2,1,2,1,1,1,1,1,1,1,1,1,1
9760,1964,4,1,2008,6,6,798,813,674,7,442,0,1611,2,12,1,1,1,1,1,1,1,1,1,1,1,1,4,4,1,2,1,2,2,1,2,1,6,1,3,1,1,2,1,1,1,1,1,1,1,1,1,1,1,1
3964,1973,5,2,2006,6,4,1291,1230,837,10,576,1,2521,2,15,2,1,1,1,1,1,1,1,4,1,1,1,7,7,2,2,1,2,1,1,1,2,1,1,2,1,1,2,3,3,1,3,1,1,1,1,4,1,1,1
9600,1949,2,1,2007,5,7,893,0,220,4,576,0,893,2,12,1,1,1,1,1,1,1,1,1,4,1,1,2,2,2,2,1,2,2,1,1,2,1,1,3,1,1,1,1,1,2,2,1,1,1,1,1,1,1,1
10152,1956,3,1,2007,5,5,1048,0,586,6,286,0,1048,1,12,1,1,1,1,1,1,1,1,1,2,2,1,2,2,1,2,1,2,2,1,1,5,1,1,3,1,1,2,1,1,1,2,1,1,1,1,1,1,1,1
11700,1968,4,1,2009,6,6,829,727,298,8,441,0,1556,2,7,1,1,1,1,1,1,1,7,1,1,1,1,2,2,2,2,1,2,2,1,1,4,1,1,1,1,1,2,1,1,1,2,1,1,1,1,1,1,1,1
7585,1948,4,1,2006,5,3,1002,454,0,7,280,1,1456,1,16,1,1,1,1,1,1,1,4,1,3,1,1,2,2,2,2,1,2,5,4,3,3,1,1,4,1,3,2,1,2,2,2,1,1,3,1,1,1,1,1
7950,1977,3,1,2009,6,6,698,728,535,6,440,0,1426,2,16,1,1,1,2,2,3,1,1,1,1,2,1,4,5,1,2,1,2,2,1,1,5,1,1,3,1,1,2,1,1,1,3,1,1,1,1,2,1,1,1
8556,2006,2,2,2007,7,5,1240,0,0,5,826,0,1240,3,1,1,1,1,1,1,1,1,1,1,2,1,1,1,1,2,1,1,1,1,1,4,3,1,1,1,1,1,1,1,1,1,1,1,1,1,1,1,1,1,1
13125,1940,3,1,2007,7,6,960,780,410,6,240,2,1740,1,3,1,1,1,1,1,1,1,1,1,1,1,1,3,6,2,2,1,2,2,1,1,5,1,1,3,1,1,2,1,3,1,2,1,1,1,1,1,1,6,1
10800,1936,3,2,2006,5,8,1096,370,626,7,566,1,1466,2,8,1,1,2,1,1,1,1,1,1,3,1,1,3,6,2,2,1,2,5,1,1,2,1,1,2,1,1,1,2,2,1,2,1,1,1,1,1,2,1,1
15870,1969,3,1,2006,5,5,1096,0,75,6,299,0,1096,1,12,1,1,1,2,1,3,1,1,1,2,1,1,1,5,2,2,1,2,2,1,3,5,5,1,1,1,1,2,1,1,1,3,1,1,1,1,1,1,1,2
4435,2004,1,1,2006,6,5,848,0,662,3,420,1,848,2,1,2,1,1,1,1,1,1,1,4,2,1,1,1,1,1,1,1,1,1,1,3,1,1,1,1,1,1,1,1,3,1,1,1,1,1,1,1,1,1,1
8775,1994,3,1,2007,5,5,990,0,495,5,299,0,990,1,1,1,1,1,1,1,1,1,1,1,2,1,1,1,1,2,2,1,1,1,1,1,1,1,1,2,1,1,2,1,1,1,2,1,1,1,1,1,1,1,1
11040,1971,3,2,2008,6,7,1258,0,656,5,528,0,1258,2,7,1,1,1,1,1,1,1,1,1,2,1,1,1,1,1,1,2,2,2,1,1,2,1,1,1,1,1,1,1,1,1,1,1,1,1,1,1,1,3,2
7500,1963,3,1,2010,5,5,1040,0,824,5,308,0,1040,1,10,1,1,1,1,1,3,1,2,1,2,1,1,4,4,2,2,1,2,2,1,1,2,1,1,4,1,1,2,1,1,1,3,1,1,1,1,2,1,1,1
8749,2002,3,2,2007,7,5,1459,0,0,6,527,1,1459,2,1,1,1,1,1,1,1,1,1,1,2,1,1,1,1,1,1,1,1,1,1,1,3,1,1,1,1,1,1,1,3,1,1,1,1,1,1,1,1,1,1
8800,1964,3,1,2006,6,6,1251,0,553,6,461,2,1251,1,12,1,1,1,1,1,1,1,1,1,2,2,1,4,4,1,2,1,2,2,1,1,5,1,1,3,1,1,2,1,3,1,1,1,1,1,1,2,2,1,1
13031,1995,3,2,2006,6,5,691,807,592,6,409,1,1498,2,18,1,1,1,3,1,3,1,1,1,1,1,1,4,4,2,2,1,1,1,1,1,2,1,1,2,1,1,2,1,2,1,3,1,1,1,1,1,1,1,1
9069,1992,2,1,2010,6,6,996,0,747,5,564,0,996,2,13,1,1,1,1,1,1,1,1,1,5,1,1,4,4,2,2,1,1,1,1,4,1,1,1,1,1,1,1,1,1,1,2,1,1,1,1,1,1,1,1
1974,1973,3,1,2010,4,5,546,546,334,6,286,0,1092,1,15,2,1,1,1,1,1,1,1,4,1,1,1,7,7,2,2,1,2,2,1,1,5,1,1,3,1,1,2,1,1,1,1,1,1,1,1,1,1,1,1
10574,2005,3,2,2009,8,5,1082,871,0,9,1043,1,1953,3,6,4,1,1,1,1,1,1,1,1,1,1,1,1,1,2,1,1,1,1,1,3,3,1,1,1,1,1,1,1,3,1,1,1,1,1,1,1,1,1,1
2522,2004,3,2,2006,7,5,970,739,0,7,380,0,1709,2,16,2,1,1,1,1,1,1,1,5,1,1,1,1,1,3,1,1,1,1,1,1,3,1,1,1,1,1,1,3,1,2,2,1,1,1,1,1,1,1,1
3316,2005,1,1,2006,8,5,1247,0,1039,4,550,1,1247,2,6,4,1,3,2,1,1,1,1,4,2,1,1,2,2,2,1,1,1,1,1,1,1,1,1,1,1,1,1,1,3,1,3,1,1,1,1,1,1,1,1
8544,1950,2,2,2009,3,4,1040,0,0,6,400,0,1040,2,12,1,1,1,1,1,3,1,1,3,2,1,1,5,8,2,2,1,5,4,3,5,6,3,4,4,2,3,2,1,1,2,2,1,1,1,1,1,1,1,1
2160,1999,2,2,2008,7,5,624,628,510,4,462,0,1252,2,6,4,1,3,1,1,1,1,1,5,1,1,1,2,2,1,1,1,1,1,1,1,5,1,1,1,1,1,1,1,1,2,2,1,1,1,1,1,1,1,1
8400,1925,4,2,2008,6,5,1390,304,423,7,576,1,1694,2,24,1,1,1,1,2,1,1,1,1,3,1,1,2,2,2,2,1,1,2,1,1,4,1,1,4,1,1,2,1,3,2,2,1,1,1,1,1,1,1,1
9230,1965,1,1,2006,5,8,1200,0,661,6,884,0,1200,2,12,1,1,1,1,1,3,1,2,1,2,2,1,2,2,1,2,1,2,2,1,3,1,1,1,2,1,1,1,1,1,2,2,1,1,1,1,2,1,1,1
5868,1956,2,1,2010,5,7,936,0,248,4,308,0,936,1,12,1,1,1,1,1,1,1,1,1,2,1,1,2,2,2,2,1,2,2,1,1,5,5,1,1,1,1,2,1,1,1,3,1,1,1,1,1,1,1,1
9317,2006,3,2,2007,6,5,1314,0,24,6,440,1,1314,2,1,1,1,1,2,1,1,1,1,1,2,1,1,1,1,2,1,1,1,1,1,1,1,1,1,2,1,1,1,1,3,1,1,1,1,1,1,1,1,1,1
6882,1914,3,1,2007,6,7,773,582,0,7,0,0,1355,0,14,2,1,1,1,1,1,1,1,1,1,1,1,3,6,2,2,1,1,2,1,1,3,1,1,3,1,1,1,1,1,5,4,4,3,1,1,1,1,1,1
3696,1986,2,1,2007,8,5,1088,0,0,5,461,0,1088,2,19,1,1,1,1,1,1,1,1,4,2,1,1,4,4,2,1,1,2,1,1,1,3,1,1,1,1,1,1,1,1,1,1,1,1,1,1,1,1,1,1
6000,1936,3,1,2009,4,6,757,567,672,6,240,0,1324,1,9,2,1,1,1,1,1,1,1,1,3,1,1,2,2,2,2,1,3,2,1,1,5,1,1,3,1,1,2,1,1,2,2,1,1,1,1,1,1,1,1
11880,1978,3,2,2009,7,5,1601,0,704,7,478,1,1601,2,7,1,1,1,2,1,1,1,7,1,2,1,1,8,5,1,2,1,2,1,1,1,2,1,1,3,1,1,2,1,2,1,1,1,1,1,1,1,1,3,2
8400,1920,1,1,2009,2,5,438,0,290,3,246,0,438,1,24,1,1,1,1,2,1,1,1,1,2,1,1,3,6,2,2,1,2,2,4,1,4,1,1,3,2,2,4,1,1,2,2,1,1,2,1,1,1,1,1
9758,1971,3,1,2007,5,5,950,0,412,5,280,0,950,1,12,1,1,1,2,1,1,1,1,1,2,1,1,4,2,2,2,1,2,2,1,1,5,6,1,3,1,1,2,1,1,2,2,1,1,1,1,1,1,1,1
7000,1960,2,1,2007,5,7,1134,0,588,6,254,0,1134,1,12,1,1,1,1,1,1,1,1,1,2,1,1,3,6,1,2,1,2,2,1,1,4,1,1,1,1,1,2,1,1,1,1,1,1,1,1,5,1,1,6
8910,1959,3,1,2006,6,6,1194,0,655,6,539,1,1194,2,12,1,1,1,1,1,3,1,1,1,2,2,1,5,8,2,2,1,2,2,1,3,2,1,1,1,1,1,2,1,4,3,3,1,1,1,1,1,1,1,1
2016,1970,3,2,2007,5,5,630,672,0,6,440,0,1302,2,23,2,1,1,1,1,1,1,1,4,1,1,1,4,4,1,2,1,2,2,1,1,3,1,1,3,1,1,2,1,1,2,2,1,1,1,1,1,1,1,1
12256,1994,3,2,2010,8,5,1500,1122,1032,9,712,2,2622,2,4,1,1,1,2,1,3,1,1,1,1,1,1,4,4,1,1,1,1,3,1,4,1,1,1,1,1,1,1,1,2,1,1,1,1,1,1,1,1,1,1
10357,1990,3,2,2007,7,5,1442,0,738,6,719,1,1442,2,13,1,1,1,2,1,3,1,2,1,2,2,1,4,4,2,1,1,1,1,1,3,1,1,1,2,1,1,1,1,2,1,3,1,1,1,1,1,1,1,1
23257,2006,3,2,2006,7,5,887,1134,0,9,422,1,2021,2,18,1,1,1,4,4,4,1,1,1,1,1,1,1,1,2,1,1,1,3,2,1,3,1,1,1,1,1,1,1,3,3,1,1,1,1,1,1,1,2,3
8063,2000,3,2,2007,6,5,948,742,0,7,463,1,1690,2,18,1,1,1,1,1,1,1,1,1,1,1,1,1,1,2,2,1,1,1,1,1,3,1,1,1,1,1,2,1,2,1,1,1,1,1,1,1,1,1,2
11362,2004,3,2,2009,8,5,1836,0,1039,7,862,1,1836,3,11,1,1,1,2,1,1,1,1,1,2,1,1,2,2,3,1,1,1,3,1,3,1,1,1,1,1,1,1,1,3,1,3,1,1,1,1,1,1,1,1
8000,1995,3,2,2008,6,5,773,885,219,8,431,1,1658,2,18,1,1,1,1,1,1,1,1,1,1,1,1,4,4,2,2,1,1,1,1,1,1,1,1,2,1,1,2,1,2,1,3,1,1,1,1,1,1,1,1
10480,1976,4,2,2008,7,6,1098,866,403,8,483,1,1964,2,7,1,1,1,1,1,1,1,1,1,1,2,1,8,5,1,2,1,2,2,1,1,2,1,1,3,1,1,2,1,3,1,1,1,1,1,1,1,1,1,1
7100,1957,2,1,2006,5,7,816,0,708,5,308,0,816,1,12,1,1,1,2,1,3,1,1,1,2,1,1,6,3,2,2,1,2,2,1,1,1,1,1,3,1,3,2,1,1,2,2,1,1,1,1,1,1,1,1
8923,1953,2,1,2007,5,7,1008,0,643,6,240,0,1008,1,12,1,1,1,1,1,1,1,1,1,2,1,1,3,6,2,2,1,2,2,1,1,5,1,1,2,1,1,1,1,1,1,2,1,1,1,1,1,1,1,1
5400,1954,2,1,2006,5,7,833,0,415,4,326,0,833,1,8,1,1,1,1,1,1,1,1,1,2,1,1,2,2,2,2,2,2,2,1,1,4,1,1,1,1,1,1,1,1,2,2,1,1,1,1,2,1,1,1
12085,2007,3,2,2007,8,5,1734,0,1004,7,928,1,1734,3,11,1,1,1,1,1,1,1,1,1,2,2,1,1,1,3,1,1,1,3,1,1,1,1,1,1,1,1,3,1,3,1,1,1,1,1,1,1,1,2,3
7750,2002,3,2,2009,8,5,779,640,353,7,527,1,1419,2,18,1,1,1,1,1,1,1,1,1,6,2,1,1,1,2,1,1,1,1,1,1,1,1,1,1,1,1,1,1,2,3,3,1,1,1,1,1,1,1,1
9764,1967,3,1,2008,5,7,894,0,702,5,450,0,894,2,10,1,1,1,2,1,2,1,2,1,2,1,1,1,1,2,2,1,2,2,1,1,5,1,1,1,1,1,1,1,1,1,1,1,1,1,1,1,1,1,1
13825,1958,3,1,2008,5,6,1021,580,0,6,300,0,1601,1,10,1,1,1,1,1,1,1,1,1,6,1,1,2,2,2,2,2,2,2,1,1,3,1,1,3,1,1,2,4,1,3,1,1,1,1,1,1,1,1,1
7560,1959,3,1,2006,5,5,1040,0,369,6,286,0,1040,1,12,1,1,1,1,1,1,2,1,1,2,1,1,5,6,2,2,1,2,2,1,1,7,1,1,3,1,3,2,1,1,1,1,1,1,1,1,3,1,1,1
8263,1920,2,1,2007,6,5,1012,0,0,6,308,1,1012,1,14,2,1,1,1,2,1,1,1,1,2,1,1,5,8,2,2,1,3,2,1,1,3,1,1,3,1,3,2,1,3,2,2,1,1,1,1,2,1,1,1
10084,2005,3,2,2006,7,5,1552,0,24,7,782,0,1552,3,1,1,1,1,1,1,1,1,1,1,2,1,1,1,1,1,1,1,1,1,1,4,1,1,1,1,1,1,1,1,1,1,1,1,1,1,1,1,1,2,3
8926,1956,3,1,2009,4,3,960,0,0,5,288,0,960,1,16,1,1,1,2,1,3,1,1,1,2,1,1,9,10,2,2,1,2,2,1,1,3,1,1,1,1,3,2,1,1,6,2,1,1,1,1,2,1,3,2
9405,1947,2,1,2009,5,9,698,0,0,4,0,0,698,0,16,1,1,1,1,1,1,1,1,1,2,2,1,1,1,2,2,5,2,2,1,1,3,1,1,1,1,1,2,1,1,5,4,4,3,1,1,1,1,1,1
9125,1992,3,2,2007,7,5,812,670,0,7,392,1,1482,2,18,1,1,1,2,1,1,1,1,1,6,1,1,4,4,1,2,1,1,1,1,1,3,1,1,2,1,1,1,1,2,1,3,1,1,1,1,1,1,1,1
10434,1955,2,1,2009,4,5,1005,0,0,5,672,1,1005,2,12,1,1,1,1,1,1,1,1,1,2,1,1,8,5,2,2,1,2,2,1,1,3,1,1,3,1,1,4,1,2,2,2,2,2,1,1,1,1,1,1
3684,2007,2,2,2009,7,5,1555,0,0,7,660,1,1555,3,22,1,1,1,1,1,1,1,1,4,2,2,1,1,1,1,1,1,1,1,1,1,3,1,1,1,1,1,1,1,2,1,3,1,1,1,1,1,1,1,1
14572,2004,3,2,2007,7,5,1530,0,1300,7,630,1,1530,3,18,1,1,1,4,1,3,1,1,1,2,2,1,1,1,2,1,1,1,1,1,4,1,1,1,1,1,1,1,1,3,1,3,1,1,1,1,1,1,1,6
11796,2004,4,2,2007,7,5,847,1112,0,8,434,1,1959,2,18,1,1,1,2,1,1,1,1,1,1,1,1,1,1,2,1,1,1,1,1,4,3,1,1,1,1,1,1,1,3,3,3,1,1,1,1,1,1,1,1
7200,1980,2,1,2007,5,5,936,0,936,4,672,0,936,2,8,2,1,2,1,1,1,1,1,3,5,1,1,2,2,1,2,1,2,1,1,2,1,1,1,3,1,1,2,1,1,2,2,1,1,1,1,1,1,1,1
7804,1928,4,2,2009,4,3,1328,653,622,7,576,2,1981,2,24,1,1,1,1,1,1,1,1,1,3,1,1,6,5,2,2,1,3,2,1,1,5,1,1,3,1,1,1,4,2,2,2,1,1,1,1,2,1,1,1
10712,1991,3,1,2007,5,5,974,0,212,5,0,0,974,0,5,1,1,1,1,1,1,1,1,1,2,1,1,4,4,2,2,1,1,1,1,3,5,1,1,3,1,1,2,1,1,5,4,4,3,1,1,2,1,9,2
9900,1880,5,2,2007,6,4,1178,1032,0,8,205,0,2210,1,8,2,1,1,1,1,1,1,1,1,1,1,1,3,6,2,2,1,3,2,1,3,3,1,2,3,1,1,4,1,1,2,2,2,1,2,1,1,1,1,1
9828,1995,3,2,2009,8,5,1142,878,584,8,466,1,2020,2,13,1,1,1,2,1,1,1,1,1,1,1,1,1,1,2,1,1,1,1,1,1,1,1,1,1,1,1,1,1,2,1,1,1,1,1,1,1,1,1,1
8773,1997,3,2,2007,6,5,916,684,0,7,460,1,1600,2,18,1,1,1,2,4,1,1,1,1,1,1,1,1,1,2,2,1,1,1,1,4,3,1,1,2,1,1,2,1,2,1,3,1,1,1,1,1,1,1,1
6180,1926,2,1,2007,6,5,986,0,0,5,180,1,986,1,9,2,1,1,1,1,3,1,1,1,2,1,1,3,6,2,2,1,3,2,1,1,3,1,1,3,2,1,2,1,3,2,2,1,1,1,1,1,1,1,1
9600,1950,3,1,2008,6,5,1032,220,280,6,288,0,1252,1,12,1,1,1,1,1,1,1,1,1,3,1,1,1,1,2,2,1,2,2,1,1,5,1,1,3,1,3,2,1,1,1,2,1,1,1,1,1,1,1,2
6342,1875,2,1,2010,5,8,780,240,0,6,0,0,1020,0,10,1,1,1,1,1,1,2,2,1,3,1,1,1,1,2,2,2,2,2,1,1,3,1,1,2,2,1,2,1,1,5,4,4,3,2,1,1,1,1,1
9819,1977,2,2,2009,6,5,1567,0,1567,5,714,2,1567,2,5,1,1,1,2,1,1,1,1,1,2,1,1,8,12,2,2,1,1,2,1,2,2,1,1,3,1,1,1,1,2,1,1,1,1,1,1,1,1,1,1
8731,1920,3,1,2007,5,5,1167,0,645,6,495,1,1167,2,9,1,1,1,2,1,1,1,1,1,2,1,1,10,9,2,2,3,3,2,1,1,5,1,1,3,1,1,2,3,3,2,2,1,1,1,1,1,1,1,1
7350,1951,2,1,2008,5,7,952,0,852,4,840,0,952,2,12,1,1,1,1,1,3,1,1,1,2,1,1,4,4,2,2,1,2,2,1,3,2,1,1,3,1,1,2,1,1,2,2,1,1,1,1,1,1,3,2
10304,1976,4,2,2009,5,7,1088,780,381,9,484,1,1868,2,7,1,1,1,2,1,4,1,3,1,1,1,1,8,5,1,2,2,2,2,1,1,2,1,1,1,1,1,1,1,2,1,2,1,1,1,1,1,1,1,1
9965,2006,4,3,2007,8,5,1466,1362,1150,11,1052,1,2828,3,1,1,1,1,1,1,1,1,1,1,1,2,1,1,1,3,1,1,1,3,1,2,1,1,1,1,1,1,1,1,2,3,1,1,1,1,1,1,1,2,3
9000,1959,3,1,2008,5,3,1006,0,288,5,0,0,1006,0,10,1,1,1,1,1,1,1,1,1,2,1,1,3,5,2,2,1,2,2,1,1,1,1,1,3,1,1,2,1,1,5,4,4,3,1,1,1,1,1,1
12180,1941,2,1,2010,4,4,672,252,348,5,280,0,924,1,16,1,1,1,1,1,1,1,1,2,3,1,1,2,2,2,2,3,3,1,1,1,5,1,3,4,2,3,4,1,1,2,2,1,1,1,1,2,1,1,1
6240,1928,3,1,2006,5,6,1042,534,0,8,225,1,1576,1,9,2,1,1,1,1,1,1,1,1,3,1,1,2,2,2,2,1,3,2,1,1,3,1,1,1,1,1,2,1,3,2,2,1,1,1,1,1,1,1,6
11200,1985,3,2,2006,6,5,1298,0,1258,5,403,1,1298,2,13,1,1,1,1,1,1,1,1,1,2,1,1,3,3,1,1,1,2,1,1,1,1,1,1,3,1,1,1,1,2,1,2,1,1,1,1,1,1,1,1
12000,1941,3,1,2009,7,7,860,704,275,7,234,1,1564,1,3,1,1,1,1,2,1,1,1,1,1,1,1,2,2,2,2,1,2,2,1,1,4,1,1,1,1,1,4,1,3,1,2,1,1,1,1,1,1,1,1
5700,1926,2,1,2008,7,7,572,539,0,5,288,1,1111,1,8,2,1,1,1,1,1,1,1,1,3,1,1,3,6,2,2,1,1,2,1,1,3,1,1,3,1,1,2,1,3,2,2,1,1,1,1,1,1,1,1
9000,1920,3,1,2009,7,9,832,650,624,7,324,0,1482,2,8,2,1,1,1,1,1,1,4,1,1,2,1,1,1,2,2,2,1,2,1,1,2,1,1,1,1,1,2,1,1,2,2,1,1,1,1,1,1,1,1
8280,1950,2,1,2007,6,5,932,0,0,4,306,1,932,1,12,1,1,1,2,1,1,1,1,1,2,1,1,5,8,2,2,1,2,2,1,1,3,1,1,1,1,3,1,1,3,1,2,1,1,1,1,4,1,1,1
17755,1959,3,1,2006,5,4,1466,0,176,6,528,2,1466,2,16,1,1,1,1,1,1,1,1,1,2,1,1,4,5,1,2,1,2,2,1,1,5,1,1,3,1,1,4,1,3,1,3,1,1,1,1,1,1,1,1
14115,1956,2,1,2006,6,7,1811,0,296,6,470,1,1811,2,3,1,1,1,2,1,1,1,1,1,2,1,1,13,14,2,2,1,1,2,1,1,2,7,1,1,1,1,3,1,3,1,3,1,1,1,1,1,1,1,2
5890,1930,2,1,2008,6,8,816,0,538,5,432,0,816,1,14,2,1,1,1,1,3,1,1,1,2,1,1,3,6,2,1,2,3,2,1,4,2,1,1,1,1,1,2,1,1,2,2,1,1,1,1,1,1,1,1
13700,1965,4,1,2008,7,6,902,918,454,8,492,2,1820,2,12,1,1,1,2,1,1,1,1,1,1,1,1,1,1,3,2,1,2,2,1,2,2,1,1,3,1,1,1,1,3,1,2,1,1,1,1,4,1,1,1
10768,1976,3,2,2007,5,8,1437,0,1157,6,528,1,1437,2,2,1,1,1,2,1,3,1,1,1,2,1,1,8,5,2,1,2,2,1,1,2,2,1,1,3,1,1,1,1,4,1,1,1,1,1,1,1,1,1,1
9350,1965,3,2,2008,5,8,1265,0,633,6,502,1,1265,2,12,1,1,1,1,1,1,1,1,1,6,1,1,5,8,2,2,2,1,2,1,2,2,1,1,2,1,1,1,1,3,1,1,1,1,1,1,2,1,1,1
5001,2007,2,2,2009,7,5,1314,0,904,6,626,1,1314,2,11,1,1,1,2,1,1,1,1,5,2,1,1,1,1,3,1,1,1,1,1,1,1,1,1,1,1,1,1,1,3,1,1,1,1,1,1,1,1,1,1
11932,2007,3,2,2008,8,5,1580,0,0,7,830,0,1580,3,6,1,1,1,1,1,2,1,2,1,2,1,1,1,1,3,1,1,1,1,1,1,3,1,1,1,1,1,1,1,1,1,1,1,1,1,1,1,1,4,3
9120,1974,4,2,2008,6,6,943,933,442,8,540,1,1876,2,7,1,1,1,1,1,1,1,1,1,1,2,1,4,4,1,1,1,2,2,1,1,2,1,1,3,1,1,1,1,2,1,1,3,1,1,1,1,1,1,1
2280,1978,3,2,2010,6,5,855,601,311,7,440,1,1456,2,21,1,1,1,1,1,1,1,1,5,1,1,1,8,11,2,2,1,2,1,1,1,2,1,1,4,1,1,2,1,2,1,2,1,1,1,1,1,1,1,1
14778,1954,3,1,2008,6,7,1640,0,728,7,924,1,1640,2,3,1,1,1,2,3,4,1,3,1,2,2,1,4,4,1,1,1,2,2,1,1,5,1,1,1,1,1,1,1,3,2,2,1,1,1,1,1,1,1,1
8724,1968,3,1,2007,5,5,894,0,492,5,450,1,894,2,10,1,1,1,1,1,1,1,1,1,2,1,1,1,1,2,2,1,2,1,1,1,5,1,1,2,1,1,2,1,6,1,3,1,1,1,1,1,1,1,1
12900,1969,0,0,2008,4,4,1258,0,1198,6,400,0,1258,2,10,1,1,1,1,1,1,1,2,3,5,1,1,8,5,2,2,1,2,1,1,4,1,1,1,3,1,1,2,1,1,4,2,2,1,1,1,1,1,1,5
16157,1978,2,1,2007,5,7,1432,0,680,5,588,1,1432,2,2,1,1,1,2,1,2,1,2,1,6,1,1,8,5,2,2,1,1,1,1,2,2,5,1,1,1,1,1,1,2,1,2,1,1,1,1,1,1,1,1
9541,2009,3,2,2009,7,5,1502,0,0,7,644,0,1502,2,11,1,1,1,2,1,1,1,1,1,2,1,1,1,1,3,1,1,1,1,1,1,3,1,1,1,1,1,1,1,1,1,1,1,1,1,1,1,1,2,3
10475,2008,3,2,2010,8,5,1694,0,0,7,776,0,1694,3,1,1,1,1,2,1,3,1,1,1,2,1,1,1,1,3,1,1,1,1,1,4,3,1,1,1,1,1,1,1,1,1,1,1,1,1,1,1,1,1,1
10852,2000,3,2,2006,6,5,959,712,786,7,472,1,1671,2,18,1,1,1,2,1,1,1,7,1,1,1,1,1,1,2,2,1,1,1,1,1,1,1,1,1,1,1,2,1,2,1,3,1,1,1,1,1,1,1,1
13728,1935,4,2,2008,6,7,1236,872,626,7,540,2,2108,2,16,1,1,1,1,1,3,1,1,1,1,2,1,10,9,2,2,1,2,2,1,1,4,1,1,1,1,1,1,1,2,6,2,1,1,1,1,1,1,1,1
35760,1995,4,3,2006,10,5,1831,1796,1387,10,807,1,3627,3,4,1,1,1,2,1,4,1,1,1,1,2,1,4,4,1,1,2,1,3,1,2,1,1,1,1,1,1,1,1,2,1,3,1,1,1,1,1,1,1,1
9880,1977,3,1,2008,6,6,1118,0,522,6,358,1,1118,1,5,1,1,1,1,1,1,1,1,1,6,1,1,8,5,2,2,1,2,2,1,4,2,1,1,3,1,1,2,1,6,1,3,1,1,1,4,4,1,1,1
9120,1958,3,1,2008,6,6,1261,0,662,6,433,1,1261,2,12,1,1,1,1,1,1,1,1,1,2,2,1,2,2,2,2,1,2,2,1,1,2,1,1,1,1,1,2,1,2,1,1,1,1,1,1,1,2,1,1
4017,2006,2,2,2008,7,5,625,625,0,5,625,0,1250,2,6,4,1,3,2,1,1,1,1,4,1,1,1,2,2,2,1,1,1,1,1,1,3,1,1,1,1,1,1,1,1,2,3,1,1,1,1,1,1,1,1
18030,1946,3,3,2007,5,6,1636,971,152,12,0,1,3086,0,20,1,1,1,2,2,1,1,1,1,3,1,1,2,2,2,2,1,2,2,1,1,4,2,1,3,1,1,3,3,3,5,4,4,3,1,1,2,1,1,1
16560,1932,4,2,2006,6,8,1170,1175,503,9,360,1,2345,2,3,1,1,1,2,1,1,1,1,1,1,1,1,3,6,2,2,1,3,1,1,1,4,1,1,3,1,1,2,1,3,2,2,1,1,1,1,1,1,1,1
10678,1992,4,2,2007,8,5,2129,743,700,9,541,1,2872,2,4,1,1,1,1,1,1,1,1,1,3,2,1,4,4,1,1,1,1,1,1,1,1,1,1,1,1,1,1,1,2,1,3,1,1,1,1,1,1,1,1
6951,1984,3,1,2008,5,5,923,0,658,5,264,0,923,1,5,1,1,1,2,1,4,1,1,1,2,1,1,4,5,2,2,1,2,2,1,1,2,1,1,3,1,1,2,1,1,1,2,1,1,1,1,2,1,1,1
3950,1926,3,1,2009,6,8,818,406,468,5,210,0,1224,1,8,2,1,2,1,2,1,1,4,1,3,1,1,2,2,2,2,1,2,2,1,1,4,1,1,3,1,1,2,1,1,2,2,1,1,2,1,1,1,1,1
7681,1921,3,1,2009,5,6,820,523,0,7,186,1,1343,1,3,1,1,1,2,1,2,1,1,1,3,1,1,3,6,2,2,1,3,2,1,1,3,1,1,1,1,1,2,1,3,2,2,2,1,1,1,1,1,1,1
8335,1954,3,1,2006,5,5,1124,0,0,5,0,1,1124,0,16,1,1,1,1,1,3,1,1,1,2,1,1,3,6,2,2,1,5,4,3,5,6,3,1,2,1,1,2,4,3,5,4,4,3,2,1,1,1,1,1
11170,1990,4,2,2006,7,5,1298,1216,1216,8,693,0,2514,2,17,1,1,1,3,1,3,2,1,1,1,1,1,2,2,2,2,1,4,1,1,1,7,1,1,1,1,1,2,1,1,1,3,1,1,1,1,4,1,1,1
5587,2008,2,2,2008,8,5,1652,0,1480,5,482,1,1652,2,3,2,1,1,2,4,1,1,1,4,2,2,1,7,7,3,3,1,1,3,1,2,1,1,1,1,1,1,1,1,3,1,3,1,1,1,1,1,1,2,3
15623,1996,4,3,2007,10,5,2411,2065,2096,10,813,2,4476,3,4,1,1,1,2,1,3,1,1,1,1,2,1,3,12,2,1,1,1,3,1,4,1,1,1,1,1,1,3,1,2,1,3,1,1,1,2,2,1,1,2
10800,1920,2,1,2006,5,6,1130,0,821,5,720,1,1130,2,8,1,1,2,1,1,1,2,1,1,2,2,1,10,9,2,2,1,3,2,1,1,4,1,1,1,1,1,2,1,3,2,2,1,1,1,1,1,1,1,1
35133,1963,3,1,2007,5,4,1572,0,1159,5,995,2,1572,3,17,1,2,1,1,1,1,1,1,1,2,2,1,2,2,1,2,1,2,2,1,2,4,1,1,2,1,1,2,1,2,7,1,1,1,1,1,1,1,1,1
9738,1924,4,1,2006,5,7,949,272,392,7,392,0,1221,1,16,1,1,1,1,1,1,2,1,1,3,1,1,9,10,2,2,2,3,2,1,1,5,1,1,2,1,1,2,1,1,1,2,1,1,1,1,1,1,1,1
10615,1900,3,2,2009,3,5,1014,685,440,7,420,0,1699,2,8,1,1,1,2,2,3,1,4,2,1,1,1,4,4,2,2,1,2,5,1,3,5,1,1,3,1,1,2,1,1,4,2,2,2,1,1,1,1,1,2
12461,1994,2,2,2006,8,5,1624,0,1456,5,757,1,1624,3,4,1,1,1,1,1,3,1,1,1,2,1,1,14,12,2,1,1,1,1,1,1,1,1,1,1,1,1,1,1,4,1,1,1,1,1,1,4,1,1,1
8935,2002,3,2,2009,7,5,831,829,0,7,493,0,1660,2,1,1,1,1,2,1,1,1,1,1,1,1,1,1,1,1,1,1,1,1,1,1,3,1,1,1,1,1,1,1,1,1,1,1,1,1,1,1,1,1,1
7500,1999,3,2,2010,7,5,1028,776,0,7,442,1,1804,2,18,1,1,1,1,1,1,2,1,1,1,1,1,1,1,2,2,1,1,2,1,1,3,1,1,2,1,1,1,1,2,1,3,1,1,1,1,1,1,1,1
32463,1961,3,1,2007,4,4,1622,0,1159,7,1356,1,1622,4,5,1,1,1,1,3,1,1,1,2,2,1,1,2,2,3,2,2,2,2,1,4,5,1,1,1,1,1,2,1,2,7,3,1,1,1,1,1,1,1,1
2645,1999,2,2,2007,8,5,764,677,0,5,492,0,1441,2,6,4,1,3,1,1,1,1,1,5,1,1,1,2,2,1,1,1,1,1,1,1,3,1,1,1,1,1,1,1,1,2,2,1,1,1,1,1,1,1,1
9600,1925,3,1,2007,5,8,842,630,0,6,250,0,1472,1,8,2,1,2,1,1,1,1,1,1,3,3,1,1,1,2,2,1,1,2,1,3,3,1,1,2,1,1,1,1,1,2,2,1,2,3,1,3,1,1,1
4500,1999,2,2,2009,6,5,1224,0,883,5,402,0,1224,2,5,2,1,1,1,1,2,1,1,4,2,2,1,1,1,1,2,1,1,3,1,1,1,1,1,1,1,1,2,1,1,1,3,1,1,1,1,1,1,1,1
9364,1969,4,1,2010,6,7,663,689,371,7,299,0,1352,1,10,1,1,1,1,1,3,1,1,1,1,1,1,4,4,3,2,1,2,2,1,1,2,1,1,3,1,1,2,1,1,1,3,1,1,1,1,2,1,1,1
8029,2005,3,2,2008,6,5,728,728,0,8,400,0,1456,2,18,1,1,1,2,1,1,1,1,1,1,1,1,1,1,2,2,1,1,1,1,1,3,1,1,1,1,1,1,1,1,1,3,1,1,1,1,1,1,1,1
14054,2006,4,2,2006,7,5,879,984,0,9,660,1,1863,3,18,1,1,1,2,1,1,1,1,1,1,1,1,1,1,2,1,1,1,1,1,4,3,1,1,1,1,1,1,1,3,3,3,1,1,1,1,1,1,2,3
8850,1916,3,1,2006,7,6,815,875,0,7,225,1,1690,1,8,2,1,1,2,2,3,1,1,1,7,1,1,2,2,2,2,1,3,2,1,1,3,1,1,1,1,1,2,1,3,2,2,1,1,1,1,1,1,7,1
9100,2001,3,2,2009,7,5,1212,0,0,6,573,0,1212,2,1,1,1,1,1,1,1,1,1,1,2,1,1,1,1,2,1,1,1,1,1,1,3,1,1,1,1,1,1,1,1,1,1,1,1,1,1,1,1,1,1
11235,1963,3,1,2006,4,5,1382,0,547,6,459,1,1382,2,10,1,1,1,1,1,1,1,1,1,2,1,1,4,4,1,2,1,2,2,1,1,4,1,1,2,1,1,2,1,6,1,2,1,1,1,1,1,1,1,1
9353,1970,3,1,2006,4,5,864,0,0,5,280,0,864,1,12,1,1,1,1,1,1,1,1,1,2,1,1,2,2,2,2,1,2,2,1,1,3,1,1,2,1,1,2,1,1,1,2,1,1,1,1,1,2,9,2
10400,1998,3,2,2009,7,5,866,913,0,6,546,0,1779,2,1,1,1,1,1,1,3,1,1,1,1,1,1,1,1,2,2,1,1,1,1,4,3,1,1,1,1,1,1,1,1,1,1,1,1,1,1,1,1,1,1
6000,1925,3,1,2009,5,8,884,464,0,5,216,1,1348,1,9,2,1,1,1,1,3,1,1,1,3,1,1,3,6,2,2,1,3,2,1,1,3,1,1,1,1,1,2,1,4,2,2,1,1,2,1,1,1,1,1
9750,2000,3,2,2009,7,5,1630,0,0,6,451,1,1630,2,1,1,1,1,1,1,1,1,1,1,2,1,1,1,1,1,1,1,1,1,1,1,3,1,1,1,1,1,1,1,2,1,2,1,1,1,1,1,1,1,1
10140,1975,3,1,2006,5,6,1074,0,788,6,495,0,1074,2,7,1,1,1,1,1,1,1,1,1,2,1,1,4,4,2,2,1,2,1,1,1,2,1,1,1,1,1,2,1,1,1,1,1,1,1,1,2,1,1,1
14684,1990,3,2,2009,7,7,2196,0,485,7,701,1,2196,3,13,1,1,1,2,1,4,1,1,1,2,2,1,4,4,1,1,1,2,1,1,3,2,2,1,2,1,1,1,1,2,1,1,1,1,1,1,1,1,1,1
8900,1966,2,1,2006,4,4,1056,0,1056,5,384,0,1056,1,13,5,1,1,1,1,1,1,1,1,2,1,1,4,4,2,2,1,2,2,1,1,4,1,1,3,1,1,2,1,1,2,2,1,1,1,1,2,1,1,1
9135,2003,3,2,2006,6,5,1700,0,340,7,544,0,1700,2,1,1,1,1,1,1,1,1,1,1,2,1,1,1,1,1,1,1,1,1,1,4,1,1,1,1,1,1,1,1,1,1,1,1,1,1,1,1,1,1,1
7763,1962,3,1,2008,5,7,1283,0,504,6,506,0,1283,2,12,1,1,1,1,1,1,1,1,1,2,1,1,2,2,2,2,2,2,2,1,1,4,2,1,3,1,1,2,1,1,2,2,1,1,1,1,1,1,1,1
10182,2006,3,2,2006,8,5,1660,0,1220,8,500,1,1660,2,6,1,1,1,2,1,4,1,6,1,2,2,1,1,1,3,1,1,1,3,1,3,1,1,1,1,1,1,1,1,3,1,1,1,1,1,1,1,1,2,3
11218,1992,3,2,2010,6,5,1055,790,0,8,462,1,1845,2,13,1,1,1,1,1,1,2,1,1,1,1,1,3,6,2,1,1,1,1,1,1,3,1,1,1,1,1,1,1,2,1,1,1,1,1,1,4,2,1,1
12134,1988,4,2,2010,8,7,1080,672,427,8,492,0,1752,2,18,1,1,1,2,2,1,1,1,1,3,1,1,3,6,2,1,1,4,1,1,4,1,1,1,2,1,1,2,1,1,6,1,1,1,1,1,1,1,1,1
9340,1941,2,1,2009,4,6,672,0,344,4,234,0,672,1,16,1,1,1,1,1,1,1,1,1,2,2,1,2,2,2,2,1,2,2,1,1,4,1,1,3,1,1,2,1,1,1,2,1,1,2,1,1,1,1,1
10246,1965,0,0,2006,4,9,960,0,648,3,364,0,960,1,10,1,1,1,2,1,4,1,1,1,6,1,1,1,1,2,2,2,2,2,2,4,1,1,1,1,1,1,2,1,1,1,2,1,1,1,1,1,1,1,1
10205,1962,3,1,2006,5,5,999,0,784,6,300,0,999,1,12,1,1,1,2,1,1,1,1,1,5,1,1,2,2,2,2,1,2,2,1,4,5,1,1,3,1,1,2,1,1,1,2,1,1,1,1,1,1,1,1
7094,1966,3,1,2007,5,5,894,0,180,5,384,0,894,1,10,1,1,1,2,1,1,1,1,1,2,1,1,1,1,2,2,1,2,2,1,1,4,6,1,3,1,1,2,1,1,2,1,1,1,1,1,2,1,1,1
8930,1978,4,2,2010,6,5,1318,584,0,8,539,0,1902,2,10,2,1,1,1,1,1,1,5,3,3,1,1,1,1,2,2,1,5,4,3,5,6,3,1,3,1,1,2,1,1,1,2,1,1,1,1,1,1,1,1
8640,2009,3,2,2009,8,5,1314,0,936,6,552,0,1314,2,6,4,1,1,1,1,1,1,1,1,2,1,1,7,7,3,1,1,1,1,1,3,1,1,1,1,1,1,1,1,1,1,1,1,1,1,1,1,1,2,3
6240,1947,2,1,2006,4,5,672,240,0,3,0,0,912,0,9,2,1,1,1,1,1,1,1,1,3,1,1,9,10,2,2,1,5,4,3,5,6,3,1,2,2,1,2,1,1,5,4,4,3,2,1,1,1,1,1
1680,1971,3,1,2006,6,5,672,546,0,7,0,0,1218,0,23,2,1,1,1,1,1,1,1,5,1,1,1,7,7,1,2,1,2,2,1,1,3,1,1,3,1,1,2,1,1,5,4,4,3,2,1,1,1,1,2
7800,1964,2,1,2006,5,5,912,0,312,5,288,0,912,1,12,1,1,1,2,1,1,1,1,1,2,1,1,3,6,2,2,1,2,2,1,1,4,6,1,3,1,1,2,1,1,1,2,1,1,1,1,1,1,1,2
8250,1968,3,1,2008,5,5,1211,0,250,5,322,1,1211,1,10,1,1,1,1,1,1,1,2,1,2,2,1,4,4,2,2,1,2,2,1,1,5,6,1,1,1,1,2,1,2,1,2,1,1,1,1,1,1,1,1
10496,1949,3,2,2007,6,6,1168,678,196,7,315,1,1846,1,12,1,1,1,1,1,1,1,4,1,3,1,1,3,6,1,2,1,2,2,1,3,4,1,1,1,1,1,2,1,3,1,2,1,1,1,1,3,1,1,1
10680,1951,4,2,2006,5,3,2136,0,756,7,528,0,2136,2,12,1,1,1,1,1,1,1,1,1,2,2,1,3,6,1,2,1,2,2,4,1,7,1,1,3,2,3,2,5,1,2,2,1,1,1,1,2,1,1,1
15384,2004,3,2,2008,7,5,788,702,724,8,388,1,1490,2,18,1,1,1,2,1,1,1,7,1,1,1,1,1,1,2,1,1,1,1,1,4,1,1,1,1,1,1,1,1,3,1,3,1,1,1,1,1,1,1,1
10482,1958,3,1,2007,6,8,1138,0,507,6,264,0,1138,1,12,1,1,1,1,1,1,1,1,1,6,2,1,1,1,1,2,2,2,2,1,4,1,1,1,1,1,1,2,1,1,1,1,1,1,1,1,5,1,1,1
14598,2007,4,2,2008,6,5,894,1039,0,9,668,1,1933,3,6,1,1,1,2,1,4,1,2,1,1,1,1,1,1,3,1,1,1,1,1,3,3,1,1,1,1,1,1,1,3,3,3,1,1,1,1,1,1,1,1
8872,1965,2,1,2008,5,8,912,0,595,5,576,0,912,2,12,1,1,1,1,1,3,1,1,1,2,1,1,1,1,1,2,1,2,2,1,1,2,1,1,1,1,1,1,1,1,2,2,1,1,1,1,1,1,1,1
8769,2008,1,1,2008,9,5,1702,0,1540,7,1052,1,1702,3,11,1,1,1,1,1,3,1,1,4,2,2,1,2,2,1,3,1,1,3,1,1,1,1,1,1,1,1,3,1,3,1,3,1,1,1,1,1,1,2,3
7910,1960,4,2,2008,5,5,1507,0,666,7,404,0,1507,1,12,1,1,1,1,1,1,1,1,1,6,2,1,5,4,2,2,1,2,2,1,1,2,1,1,2,1,1,2,3,1,6,2,1,1,1,1,3,1,1,1
18890,1977,4,2,2007,5,5,1361,1259,498,12,600,1,2620,2,10,1,1,1,2,1,1,1,2,3,3,6,1,8,5,2,2,1,2,1,1,1,1,5,1,1,1,1,2,1,2,3,1,1,1,2,1,1,3,1,1
7728,1962,3,1,2006,5,6,1190,0,803,6,540,0,1190,2,12,1,1,1,1,1,1,1,1,3,6,2,1,3,6,1,2,1,2,2,1,4,2,1,1,3,1,1,2,1,1,1,2,1,1,1,1,3,1,1,1
9842,1962,2,2,2007,4,5,1224,0,0,6,462,0,1224,2,12,1,1,1,1,1,2,1,1,3,2,1,1,4,4,2,2,1,5,4,3,5,6,3,1,3,1,1,2,1,1,4,2,1,1,1,1,1,1,1,1
12160,1959,3,1,2010,5,5,1188,0,1000,6,531,0,1188,2,12,1,1,1,2,1,1,1,1,1,2,2,1,8,5,1,2,1,2,2,1,1,4,1,1,4,1,1,2,1,1,1,1,1,1,1,1,2,1,3,2
8525,1911,4,1,2008,5,6,1024,940,0,7,0,0,1964,0,24,5,1,1,1,2,1,1,1,1,1,1,1,2,2,2,2,1,1,2,1,4,3,1,1,3,2,3,2,1,1,5,4,4,3,2,1,1,1,1,2
13132,1914,4,1,2006,5,5,892,892,0,9,180,0,1784,1,3,1,1,1,1,1,1,1,1,1,1,1,1,3,6,2,2,1,3,1,1,3,3,1,1,2,1,2,2,1,1,2,2,2,2,2,1,1,1,1,1
2628,2003,2,2,2010,7,5,764,862,0,6,474,0,1626,2,11,1,1,1,1,1,1,1,1,5,1,1,1,1,3,3,1,1,1,1,1,1,3,1,1,1,1,1,1,1,1,3,1,1,1,1,1,1,1,1,1
12393,2004,4,2,2006,7,5,847,1101,0,8,434,1,1948,2,1,1,1,1,3,1,2,1,1,1,1,1,1,1,1,2,1,1,1,1,1,1,3,1,1,1,1,1,1,1,3,3,3,1,1,1,1,1,1,1,1
13072,2005,3,1,2006,6,5,1141,0,0,6,484,0,1141,2,13,1,1,1,1,1,1,1,5,1,2,1,1,1,1,2,1,1,1,1,1,1,3,1,1,1,1,1,2,1,1,2,2,1,1,1,1,1,1,1,2
9037,2006,2,2,2007,8,5,1484,0,428,6,472,1,1484,2,17,1,1,1,2,4,1,1,1,1,2,2,1,1,1,1,1,1,1,1,1,4,1,1,1,1,1,1,3,1,3,1,1,1,1,1,1,1,1,1,1
8158,2003,3,2,2008,7,5,884,884,550,8,543,0,1768,2,1,1,1,1,1,1,1,1,1,1,1,1,1,1,1,1,1,1,1,1,1,1,1,1,1,1,1,1,1,1,1,1,1,1,1,1,1,1,1,1,1
9849,2007,3,2,2007,7,6,1689,0,0,7,954,0,1689,3,6,1,1,1,1,1,1,1,1,1,2,2,1,1,1,3,1,1,1,1,1,4,3,1,1,1,1,1,1,1,1,1,1,1,1,1,1,1,1,2,3
10625,1974,3,2,2010,7,6,1173,0,885,6,528,2,1173,2,7,1,1,1,1,1,1,1,1,1,5,1,1,8,5,1,2,1,2,1,1,2,1,6,1,3,1,1,1,1,2,1,1,1,1,1,1,2,1,1,6
13891,2006,2,2,2006,10,5,2076,0,1386,7,850,1,2076,3,11,1,1,1,1,1,1,2,1,1,2,1,1,1,1,5,3,1,1,3,2,2,1,1,1,1,1,1,3,1,3,1,3,1,1,1,1,1,1,2,3
11435,1929,3,1,2006,8,7,792,725,0,7,400,2,1517,2,3,1,1,1,2,4,3,1,1,1,1,1,1,5,9,2,2,1,1,1,1,1,3,1,1,4,1,1,1,1,3,2,2,1,1,1,1,1,1,1,1
12090,1984,3,3,2007,6,7,1140,728,0,7,477,1,1868,2,7,1,1,1,1,1,1,1,1,1,6,2,1,1,1,1,2,1,2,1,1,1,3,1,1,1,1,1,2,1,2,3,3,1,1,1,1,1,1,1,2
8125,2005,3,2,2006,7,5,756,797,0,6,615,0,1553,2,6,4,1,1,1,1,1,1,1,1,1,1,1,1,1,2,1,1,1,1,1,1,3,1,1,1,1,1,1,1,1,1,1,1,1,1,1,1,1,2,3
12328,1976,3,1,2010,6,5,1034,0,539,6,888,0,1034,3,5,1,1,1,2,1,1,1,1,1,6,1,1,4,4,1,2,1,2,2,1,4,1,1,1,3,1,1,2,1,1,1,2,1,1,1,1,1,1,1,1
9600,1917,3,1,2008,6,5,1134,924,319,8,396,1,2058,2,8,2,1,2,1,1,1,1,1,1,7,1,1,9,10,2,2,1,3,1,1,1,4,1,5,4,2,1,2,1,3,2,2,2,2,3,1,1,1,1,1
7200,1950,3,1,2007,5,7,988,0,534,6,276,0,988,1,12,1,1,1,1,1,1,1,1,1,2,1,1,2,2,2,2,1,2,2,1,1,5,5,1,3,1,1,2,1,1,1,2,1,1,1,1,1,1,1,1
11160,1968,3,2,2010,7,5,2110,0,1065,8,522,2,2110,2,12,1,1,1,1,1,3,1,1,1,2,2,1,5,8,2,1,1,2,2,1,1,2,1,1,1,1,1,3,1,2,1,3,1,1,1,1,1,1,1,1
3136,2003,2,2,2006,7,5,1405,0,0,6,478,1,1405,2,11,1,1,1,2,1,3,1,1,4,2,1,1,1,3,3,1,1,1,1,1,1,3,1,1,1,1,1,1,1,3,1,1,1,1,1,1,1,1,1,1
9858,1968,3,1,2009,5,6,874,0,510,5,288,0,874,1,5,1,1,1,1,1,1,1,1,1,2,1,1,4,4,2,2,1,2,2,1,1,5,1,1,3,1,1,2,1,1,1,1,1,1,1,1,3,2,1,1
17542,1974,3,2,2007,7,7,1516,651,125,9,518,2,2167,2,2,1,1,1,2,1,1,1,1,1,1,1,1,3,6,2,1,1,2,2,1,2,7,4,1,3,1,1,1,1,3,1,1,1,1,1,1,2,1,1,1
6931,2003,3,2,2008,7,5,760,896,0,7,397,1,1656,2,16,1,1,1,1,1,1,1,1,1,1,1,1,1,1,3,1,1,1,1,1,1,3,1,1,1,1,1,1,1,3,3,3,1,1,1,1,1,1,1,1
6240,1931,3,1,2007,6,6,959,408,425,6,560,1,1367,1,9,2,1,1,1,1,1,1,1,1,3,1,1,3,6,2,2,1,3,2,4,1,7,1,1,3,1,3,2,1,3,2,2,1,1,1,1,1,1,1,1
14303,1994,2,2,2008,8,5,1987,0,1314,7,691,1,1987,2,4,1,1,1,2,1,3,1,1,1,2,2,1,4,4,1,1,1,1,1,1,2,1,1,1,1,1,1,1,1,2,1,3,1,1,1,1,1,1,1,1
4060,1922,2,1,2009,5,8,864,0,0,4,0,0,864,0,16,1,1,1,1,1,3,1,2,1,2,1,1,3,6,2,2,1,1,5,1,1,3,1,1,1,1,1,2,1,1,5,4,4,3,1,1,1,1,1,1
9587,2005,2,2,2008,7,5,1166,0,655,5,400,0,1166,2,18,1,1,1,2,1,1,1,1,1,6,1,1,1,1,3,1,1,1,1,1,2,1,1,1,1,1,1,1,1,1,1,3,1,1,1,1,1,1,1,1
9750,1969,3,1,2008,6,8,1054,0,602,6,460,0,1054,2,12,1,1,1,1,1,2,1,1,1,2,1,1,4,4,2,2,1,2,1,1,1,2,6,1,2,1,1,2,1,1,1,2,1,1,1,1,1,1,1,1
24682,1999,3,2,2009,6,5,892,783,0,7,502,1,1675,2,18,1,1,1,4,1,4,1,7,1,1,1,1,1,1,2,2,1,1,1,1,1,3,1,1,1,1,1,2,1,2,3,3,1,1,1,1,1,1,1,1
9600,1956,2,1,2009,5,6,1050,0,504,5,338,0,1050,1,12,1,1,1,1,1,1,1,1,1,2,2,1,2,2,2,2,1,2,2,1,1,4,1,1,2,1,1,2,1,1,1,2,1,1,1,1,1,1,1,1
11250,1957,5,1,2009,4,5,1104,684,0,8,304,2,1788,1,20,1,1,1,1,1,1,1,1,1,3,1,1,3,6,2,2,1,2,2,1,4,3,1,1,1,1,3,2,4,2,1,2,1,1,1,1,1,1,1,1
13515,1919,3,1,2007,6,6,1060,764,0,8,520,1,1824,2,9,1,1,3,1,1,1,1,1,1,1,3,1,3,6,2,2,1,1,2,1,1,3,1,1,1,1,3,2,1,3,2,2,1,1,2,1,4,1,1,1
4060,1998,2,2,2008,6,5,1337,0,266,5,511,0,1337,2,12,5,1,1,1,1,1,1,1,4,2,1,1,2,2,2,1,1,1,1,1,1,1,1,1,1,1,1,1,1,1,1,3,1,1,1,1,1,1,3,2
3735,1999,3,2,2006,7,5,713,739,450,6,506,0,1452,2,6,4,1,1,1,1,5,1,1,4,1,2,1,2,2,1,1,1,1,1,1,1,1,1,1,1,1,1,1,1,1,2,2,1,1,1,1,1,1,1,1
10120,1910,4,1,2007,7,4,964,925,0,9,308,1,1889,1,8,2,1,1,2,2,1,1,2,2,7,2,1,3,6,2,4,1,2,2,1,1,3,1,1,3,2,2,2,1,3,2,2,1,1,2,1,2,1,1,1
13214,2008,3,2,2010,9,5,2018,0,0,10,746,1,2018,3,17,1,1,1,2,4,1,2,1,1,2,2,1,10,7,2,3,1,1,3,1,2,3,1,1,1,1,1,3,1,3,1,3,1,1,1,1,1,1,1,1
14100,1935,4,3,2008,8,9,1968,1479,192,11,1014,2,3447,3,3,1,1,1,2,1,1,1,1,1,3,1,1,10,9,1,2,2,2,2,1,3,4,1,1,1,1,1,1,1,3,3,2,1,1,1,1,3,1,1,1
11344,1958,3,1,2007,5,5,874,650,460,7,315,0,1524,1,12,1,1,1,1,1,1,3,2,1,3,1,1,2,2,1,2,1,2,2,1,1,5,1,2,3,1,3,2,1,1,1,2,1,1,1,1,3,1,1,1
23595,1979,0,0,2010,7,6,1332,192,1258,4,586,1,1524,2,20,1,1,1,1,3,1,1,1,1,2,6,4,8,5,2,1,1,1,1,1,2,1,1,1,3,1,1,1,1,2,1,3,1,1,1,1,1,1,1,1
9156,1968,3,2,2009,6,7,1489,0,0,7,462,1,1489,2,7,1,1,1,2,1,1,1,3,1,2,2,1,5,8,2,2,1,2,2,1,1,3,1,1,2,1,1,1,1,3,1,1,1,1,1,1,1,1,1,1
13526,1965,3,1,2006,5,6,935,0,560,5,288,0,935,1,10,1,1,1,2,1,4,1,1,1,2,2,1,4,5,1,2,1,2,2,1,1,5,6,1,3,1,1,2,1,1,1,2,1,1,1,1,2,1,1,1
11512,1959,2,1,2008,6,7,1357,0,719,5,312,1,1357,1,16,1,1,1,2,1,3,1,1,1,6,1,1,8,5,1,2,1,2,2,1,4,2,1,1,2,1,1,3,1,3,6,1,1,1,1,1,4,1,1,1
5362,1910,3,2,2007,5,6,661,589,0,8,552,1,1250,2,3,1,1,1,1,1,3,1,1,1,3,1,1,3,3,2,2,1,1,2,1,1,3,1,1,1,1,1,2,1,3,2,2,1,1,1,1,1,1,1,1
11345,1948,4,2,2007,5,5,928,992,220,10,400,0,1920,2,12,1,1,1,1,1,3,1,2,3,1,1,7,9,10,3,2,1,2,2,1,1,4,1,1,2,1,3,2,1,1,2,2,1,2,1,1,1,1,1,1
12936,1972,3,1,2009,6,6,735,660,593,6,497,1,1395,2,7,1,1,1,2,1,4,1,1,1,1,1,1,4,5,2,2,1,2,2,2,1,5,1,1,3,1,1,2,1,2,1,2,1,1,1,1,1,1,1,1
17871,1967,3,1,2009,6,5,1724,0,528,7,480,1,1724,2,7,1,1,1,2,1,4,1,1,1,6,1,1,4,4,1,2,1,2,1,1,4,2,1,1,4,1,1,2,1,3,1,1,1,1,1,1,1,1,1,1
9473,2002,3,2,2008,8,5,1128,903,804,7,577,1,2031,2,1,1,1,1,1,1,1,1,1,1,1,1,1,1,1,5,1,1,1,1,1,1,1,1,1,1,1,1,1,1,3,1,1,1,1,1,1,1,1,1,1
7500,1920,2,1,2010,4,4,698,430,0,6,528,0,1128,2,14,3,1,1,1,1,1,1,1,1,3,1,1,2,2,2,2,2,2,2,1,1,3,1,1,3,1,3,2,1,1,2,1,1,1,1,1,1,1,3,2
9808,2002,3,2,2009,7,5,1573,0,788,6,544,0,1573,2,1,1,1,1,2,1,1,1,1,1,2,1,1,1,1,1,1,1,1,1,1,1,1,1,1,1,1,1,1,1,1,1,1,1,1,1,1,1,1,1,1
8049,1990,2,2,2006,7,5,1339,0,1053,6,484,1,1339,2,17,1,1,1,2,1,4,1,1,1,2,2,1,4,4,1,2,1,2,1,1,1,2,1,1,3,1,1,2,1,2,1,3,3,4,1,1,1,1,1,1
8800,1977,3,2,2009,5,7,1040,0,532,5,484,0,1040,2,1,1,1,1,2,1,1,1,1,1,2,1,1,4,4,2,2,1,2,1,1,3,7,5,1,3,1,1,1,1,1,2,2,1,1,1,1,1,1,1,1
9400,1971,4,2,2010,6,5,912,912,0,8,0,0,1824,0,5,1,1,1,1,3,3,1,1,3,1,4,1,2,3,2,2,1,2,2,1,4,3,1,1,3,1,1,2,1,1,5,4,4,3,1,1,1,1,1,1
9638,1919,4,2,2010,6,7,1699,748,0,10,336,1,2447,1,24,1,1,1,1,1,1,1,2,1,3,1,1,3,3,2,2,1,1,2,1,1,3,1,1,1,1,1,1,4,3,2,2,1,1,1,1,1,1,1,1
6000,1939,4,1,2009,6,6,825,587,0,6,280,1,1412,1,9,2,1,1,1,1,1,1,1,1,3,1,1,2,2,2,2,3,2,2,1,1,3,1,1,1,1,2,2,1,3,2,2,1,1,1,1,1,1,1,1
9790,1963,3,1,2010,6,5,1328,0,569,6,528,2,1328,2,7,1,1,1,1,1,1,2,2,1,2,2,1,4,4,1,2,1,2,2,1,1,2,5,1,3,1,1,2,1,3,1,2,1,1,1,1,1,1,1,1
36500,1964,4,2,2006,5,5,1582,0,812,7,390,0,1582,2,20,1,1,1,2,3,1,1,1,1,2,1,1,3,6,4,2,2,2,2,1,4,4,1,1,4,1,1,2,1,1,1,2,1,1,2,1,1,1,1,1
5664,2000,2,2,2009,8,5,1659,0,1158,5,499,1,1659,2,19,1,1,1,2,1,1,1,1,4,2,1,1,7,7,2,1,1,1,1,1,1,1,1,1,1,1,1,3,1,5,1,3,1,1,1,1,1,1,1,1
11065,2006,3,2,2006,8,5,1120,850,0,8,753,1,1970,3,11,1,1,1,2,1,1,1,1,1,1,1,1,1,1,3,1,1,1,1,1,3,3,1,1,1,1,1,3,1,3,3,3,1,1,1,1,1,1,2,3
14112,1964,3,1,2010,5,7,1152,0,1014,6,484,1,1152,2,12,1,1,1,2,1,3,1,1,1,6,2,1,3,4,1,2,1,1,2,1,4,1,1,1,3,1,1,2,1,3,1,1,1,1,1,1,1,1,1,1
1680,1972,3,2,2009,5,7,630,672,231,6,264,0,1302,1,23,2,1,1,1,1,1,1,1,5,1,1,1,7,7,1,2,1,2,2,1,1,2,1,1,3,1,1,2,1,1,2,2,1,1,1,1,1,1,1,1
6600,1892,4,2,2009,5,4,1378,994,0,11,432,0,2372,1,8,2,1,1,1,1,3,1,1,1,1,1,1,3,6,2,2,1,6,2,1,1,3,1,1,3,2,1,2,4,1,1,1,1,1,1,1,1,1,1,1
10140,1976,4,2,2006,7,5,832,832,194,8,528,1,1664,2,7,1,1,1,1,1,1,1,1,1,1,1,1,4,4,2,2,1,1,1,1,1,1,1,1,3,1,1,2,1,2,1,1,1,1,1,1,3,1,1,1
8172,1955,2,1,2006,5,7,864,0,167,5,572,0,864,2,16,1,1,1,1,1,1,1,1,1,2,2,1,6,5,2,2,1,2,2,1,1,4,1,1,3,1,1,2,1,1,2,2,1,1,2,1,1,1,1,1
8400,1968,3,1,2006,5,5,1052,0,1016,5,288,0,1052,1,12,1,1,1,1,1,1,1,2,1,2,2,1,4,4,1,2,1,2,2,1,4,5,1,1,2,1,1,2,1,1,1,1,1,1,1,1,3,1,1,1
8700,1963,3,2,2008,5,6,1128,0,776,6,525,0,1128,2,12,1,1,1,1,1,1,1,1,1,2,2,1,2,2,1,2,2,2,2,1,3,2,1,1,2,1,1,2,1,1,1,1,1,1,1,1,2,1,1,1
3675,2005,2,2,2006,6,5,1072,0,547,5,525,0,1072,2,16,2,1,1,1,1,1,1,1,4,5,1,1,1,1,1,2,1,1,1,1,2,1,1,1,2,1,1,2,1,1,6,3,1,1,1,1,1,1,2,3
63887,2008,3,2,2008,10,5,4692,950,5644,12,1418,3,5642,2,16,1,1,1,4,2,3,1,2,1,1,2,8,10,9,3,3,1,1,3,1,2,1,1,1,1,1,1,3,1,3,1,3,1,1,1,4,1,1,2,3
7500,1959,3,1,2010,5,7,1246,0,340,6,305,0,1246,1,12,1,1,1,1,1,1,1,1,1,2,2,1,5,8,2,2,1,2,2,1,1,7,5,1,1,1,1,1,1,1,1,1,1,1,1,1,4,1,1,1
10762,1999,3,2,2009,7,5,1005,978,694,9,490,1,1983,2,18,1,1,1,2,1,4,1,1,1,1,1,1,1,1,2,1,1,1,1,1,1,1,1,1,1,1,1,1,1,2,1,3,1,1,1,1,1,1,1,1
7500,1942,3,1,2009,6,7,753,741,547,7,213,2,1494,1,3,1,1,1,2,2,1,1,1,1,1,1,1,3,6,2,2,1,2,2,1,1,5,1,1,4,1,1,1,1,3,1,2,1,1,3,1,1,1,1,1
10120,1994,4,2,2006,8,5,1203,1323,740,8,844,1,2526,3,4,1,1,1,1,1,1,1,1,1,1,2,1,1,1,1,1,1,1,1,1,1,1,1,1,1,1,1,1,1,2,1,1,1,1,1,1,1,1,1,1
8688,2005,3,2,2006,7,5,1616,0,0,7,834,0,1616,3,6,1,1,1,1,1,1,1,1,1,2,1,1,1,1,1,1,1,1,1,1,4,3,1,1,1,1,1,1,1,1,1,1,1,1,1,1,1,1,1,1
3363,2004,3,2,2006,7,5,976,732,0,7,380,0,1708,2,16,2,1,1,1,1,1,1,1,4,1,1,1,1,1,3,1,1,1,1,1,1,3,1,1,1,1,1,1,3,1,2,2,1,1,1,1,1,1,1,1
13173,2006,2,2,2009,9,5,1652,0,1572,6,840,2,1652,2,11,1,1,1,2,1,3,1,1,1,2,2,1,1,1,3,1,1,1,3,1,1,1,1,1,1,1,1,3,1,5,1,3,1,1,1,1,1,1,1,1
6955,2005,2,2,2006,7,5,1368,0,0,6,474,1,1368,2,11,1,1,1,2,1,1,1,1,4,2,1,1,1,1,3,1,1,1,1,1,1,3,1,1,1,1,1,1,1,3,1,1,1,1,1,1,1,1,2,3
8072,1994,3,1,2009,5,5,990,0,746,5,480,0,990,2,1,1,1,1,1,1,1,1,1,1,2,1,1,1,1,2,2,2,1,1,2,1,2,1,1,1,1,1,2,1,1,2,2,1,1,1,1,1,1,1,1
12000,1948,2,1,2008,5,7,1122,0,144,6,528,0,1122,2,8,2,1,1,1,1,1,1,1,1,2,1,1,2,2,2,2,1,2,2,1,1,1,4,1,1,1,1,1,1,1,1,2,1,1,1,1,3,1,1,1
7153,1991,3,2,2008,6,5,1294,0,1200,6,496,0,1294,2,13,1,1,1,1,1,1,1,1,1,2,1,1,4,4,1,2,1,2,1,1,1,1,1,1,2,1,1,1,1,1,1,1,1,1,1,1,3,1,1,1
17500,1959,3,2,2010,7,8,1902,0,1406,7,567,2,1902,2,3,1,1,1,1,1,1,1,8,1,2,1,1,5,4,2,1,2,1,1,1,4,1,1,1,3,1,1,3,1,2,1,3,1,1,1,1,1,1,1,1
8814,2005,3,2,2007,7,5,1274,0,925,6,508,0,1274,2,1,1,1,1,1,1,1,1,1,1,2,1,1,1,1,1,1,1,1,1,1,1,1,1,1,1,1,1,1,1,1,1,1,1,1,1,1,1,1,2,3
9572,1990,4,2,2007,8,5,1453,1357,482,9,750,1,2810,2,4,1,1,1,2,1,1,1,1,1,1,1,1,3,6,1,1,1,1,3,1,1,1,1,1,1,1,1,1,1,5,1,1,3,4,1,1,1,1,1,1
14774,1999,4,2,2010,9,5,1422,1177,0,10,779,1,2599,3,4,1,1,1,2,1,3,1,1,1,1,1,1,1,1,1,1,1,1,1,1,1,3,1,1,1,1,1,1,1,2,3,3,1,1,1,1,1,1,1,1
8190,1954,3,1,2007,4,6,948,0,732,5,280,1,948,1,16,1,1,1,1,1,1,1,1,1,2,2,1,3,6,2,2,1,2,2,1,1,4,1,1,1,1,1,2,1,2,2,2,1,1,1,1,1,1,1,1
11075,1969,4,2,2008,6,5,1092,1020,500,9,576,2,2112,2,12,1,1,1,1,1,1,1,1,1,1,1,1,4,4,2,2,1,2,5,1,3,2,6,1,3,1,1,2,1,3,1,2,1,1,1,1,1,1,1,1
10226,2008,3,2,2009,8,5,1630,0,0,8,860,1,1630,3,1,1,1,1,2,1,1,1,1,1,2,1,1,1,1,3,1,1,1,3,1,2,3,1,1,1,1,1,3,1,3,1,1,1,1,1,1,1,1,1,1
4230,2006,2,2,2007,7,5,1352,0,0,5,466,1,1352,2,6,4,1,3,1,1,3,1,1,4,2,1,1,1,1,2,1,1,1,3,2,1,3,1,1,1,1,1,1,1,3,1,1,1,1,1,1,1,1,2,3
14781,2001,3,2,2006,8,5,1787,0,0,7,748,1,1787,3,1,1,1,1,3,1,4,1,1,1,2,2,1,1,1,1,1,1,1,1,1,2,3,1,1,1,1,1,1,1,2,1,1,1,1,1,1,1,1,1,1
10215,1954,3,1,2007,4,5,948,0,492,5,248,0,948,1,16,1,1,1,1,2,1,1,1,1,2,2,1,3,6,1,2,1,1,2,1,1,2,1,1,1,1,1,2,1,1,1,2,1,1,1,1,1,1,1,1
8400,1957,3,1,2009,6,3,1478,0,189,6,442,2,1478,2,12,1,1,1,1,1,1,1,1,1,2,2,1,5,8,2,2,1,2,2,1,1,2,5,1,2,1,1,2,1,3,1,1,1,1,1,1,1,1,1,1
6627,1949,2,1,2008,3,6,720,0,0,4,287,0,720,1,9,1,1,1,2,1,3,1,2,1,2,2,1,1,1,2,2,1,2,4,3,5,6,3,6,3,2,1,2,1,1,2,2,1,2,1,1,1,1,1,1
10186,1992,3,2,2010,7,5,1061,862,674,8,564,1,1923,2,4,1,1,1,2,1,1,1,1,1,1,1,1,4,4,2,1,1,1,1,1,1,1,1,1,1,1,1,1,1,2,1,1,1,1,1,1,1,1,1,1
5330,1940,2,1,2009,4,7,708,0,280,5,0,0,708,0,9,1,1,1,1,4,1,1,1,1,2,2,1,1,1,2,4,1,2,2,1,1,7,1,1,2,1,1,4,1,1,5,4,4,3,1,1,1,1,1,1
9986,2006,2,2,2007,8,5,1795,0,0,7,895,1,1795,3,6,1,1,1,1,1,1,1,1,1,2,1,1,1,1,1,1,1,1,3,1,4,3,1,1,1,1,1,1,1,3,1,1,1,1,1,1,1,1,2,3
3636,1922,2,1,2008,4,4,796,0,0,5,0,0,796,0,14,2,1,1,1,1,1,2,1,1,2,1,1,9,10,2,2,1,3,2,4,1,3,1,1,4,2,1,2,1,1,5,4,4,3,2,1,2,1,1,1
4270,1931,3,1,2007,3,6,774,0,544,6,0,0,774,0,16,5,1,1,1,2,1,1,1,1,2,1,1,2,2,2,2,1,3,2,1,1,4,1,1,1,1,1,1,1,1,5,4,4,3,1,1,1,1,1,1
6600,1982,3,1,2008,5,9,816,0,641,5,264,1,816,1,5,1,1,1,1,1,1,1,1,1,2,1,1,1,1,2,1,2,2,2,1,1,2,1,1,1,1,1,1,1,5,1,2,1,1,1,1,2,1,1,1
10440,1920,5,2,2008,6,7,1584,1208,493,8,520,2,2792,2,8,2,1,2,1,1,3,1,1,1,3,1,1,5,6,2,1,2,3,1,1,1,7,1,2,1,1,1,2,5,2,2,2,2,1,1,1,2,2,1,1
9084,1998,3,2,2006,7,5,955,677,0,8,462,1,1632,2,18,1,1,1,2,1,1,1,1,1,1,2,1,1,1,2,2,1,1,1,1,1,3,1,1,2,1,1,2,1,2,1,3,1,1,1,1,1,1,1,1
10000,2006,3,2,2007,8,5,1588,0,0,7,825,1,1588,3,6,1,1,1,1,1,1,1,1,1,2,2,1,1,1,3,1,1,1,1,2,4,3,1,1,1,1,1,1,1,3,1,1,1,1,1,1,1,1,1,1
10780,1976,3,1,2006,5,5,954,0,483,6,576,0,954,2,1,1,1,1,2,1,1,2,1,1,6,1,1,2,2,2,2,1,2,2,1,4,2,1,1,2,1,1,2,1,1,2,2,1,1,1,1,1,1,1,1
8877,1938,2,1,2009,4,6,816,0,690,3,288,1,816,1,16,1,1,1,1,1,1,1,1,1,2,1,1,2,2,2,2,1,2,2,1,3,2,1,1,1,1,1,2,1,3,2,2,2,2,1,1,1,1,1,1
7200,1938,2,1,2006,5,6,803,557,0,6,297,0,1360,1,14,2,1,1,1,1,3,1,1,1,3,1,1,3,6,2,2,1,2,2,1,1,3,1,1,1,1,1,1,1,1,2,2,1,1,1,1,2,1,1,1
2368,1970,3,1,2009,5,6,765,600,765,7,440,0,1365,2,23,2,1,1,1,1,1,1,1,4,1,1,1,4,4,2,2,1,2,2,1,1,7,1,1,3,1,1,2,2,1,1,2,1,1,1,1,1,1,1,1
9650,1977,2,2,2009,6,5,1334,0,686,6,630,1,1334,2,7,1,1,1,1,1,1,1,1,1,2,1,1,8,5,1,2,1,2,1,1,1,2,1,1,3,1,1,2,1,2,1,1,1,1,1,1,1,1,1,1
9246,1973,4,2,2008,5,5,1656,0,0,8,506,0,1656,2,7,1,1,1,2,1,1,2,2,3,2,1,1,8,5,1,2,1,2,2,1,1,3,1,1,3,1,1,2,1,1,2,2,1,1,1,1,1,1,1,1
4118,1941,2,1,2006,4,4,693,0,0,4,0,0,693,0,8,2,1,2,2,2,3,1,2,1,2,1,1,3,6,2,2,1,2,2,1,1,3,1,3,4,2,3,4,1,1,5,4,4,3,2,1,1,1,1,1
13450,2002,3,2,2006,7,5,920,941,700,8,492,0,1861,2,1,1,1,1,2,1,3,1,1,1,1,1,1,1,1,2,1,1,1,1,1,1,1,1,1,1,1,1,1,1,1,3,1,1,1,1,1,1,1,1,1
9560,1972,3,1,2006,5,7,864,0,360,5,288,0,864,1,1,1,1,1,2,1,3,1,1,1,2,2,1,2,2,2,2,2,2,2,1,3,4,1,1,1,1,1,2,1,1,1,1,1,1,1,1,1,1,1,1
8294,1971,3,1,2007,4,5,872,0,0,5,480,0,872,4,12,1,1,1,1,1,1,1,1,1,2,1,1,2,2,2,2,1,2,2,1,1,3,1,1,3,1,1,2,1,1,2,2,1,1,1,1,3,1,1,1
13695,2003,3,1,2008,6,5,1114,0,814,6,576,0,1114,2,13,1,1,1,1,1,1,1,5,1,2,1,1,1,1,2,2,1,1,1,1,1,1,1,1,1,1,1,1,1,1,2,2,1,1,1,1,1,1,1,1
9375,2002,3,2,2007,8,5,1284,885,0,7,647,1,2169,2,1,1,1,1,1,1,1,1,1,1,1,1,1,1,1,1,1,1,1,1,1,1,3,1,1,1,1,1,1,1,3,1,1,1,1,1,1,1,1,1,1
7558,1928,3,1,2009,6,6,1172,741,0,9,342,1,1913,2,3,1,1,1,1,2,1,1,1,1,3,1,1,5,14,2,2,1,3,2,1,1,3,1,1,2,1,1,2,1,2,2,2,2,2,1,1,1,1,1,1
11103,2006,3,2,2007,7,5,728,728,0,8,440,1,1456,2,1,1,1,1,2,1,3,1,1,1,1,1,1,1,1,2,1,1,1,1,1,1,3,1,1,1,1,1,1,1,2,1,3,1,1,1,1,1,1,2,3
6000,1920,2,1,2007,4,4,960,0,250,5,308,0,960,1,8,2,1,1,1,1,1,1,1,1,2,2,1,2,2,2,2,1,1,2,1,1,2,1,1,2,1,3,4,1,1,2,2,1,1,1,1,1,1,1,1
20781,1968,3,2,2006,7,7,2156,0,297,9,508,1,2156,2,7,1,1,1,3,1,4,1,3,1,2,2,1,5,4,2,2,1,2,2,1,1,5,5,1,3,1,1,2,1,3,1,1,3,1,1,1,1,1,1,1
15306,2006,3,2,2007,8,5,1776,0,80,7,712,1,1776,3,17,1,1,1,2,4,3,1,1,1,2,1,1,1,1,3,1,1,1,3,1,2,1,1,1,1,1,1,1,1,3,1,3,1,1,1,1,1,1,2,3
16196,1998,3,2,2007,7,5,1494,0,1443,5,514,1,1494,2,13,1,1,1,4,3,1,1,1,1,2,1,1,1,1,2,1,1,1,1,1,2,1,1,1,1,1,1,1,1,4,1,1,1,1,1,1,1,1,1,1
5250,1872,4,2,2008,8,5,938,1215,259,8,0,0,2358,0,8,2,1,3,1,1,1,1,1,1,1,1,1,2,2,2,2,2,3,2,4,1,7,1,5,4,2,1,2,1,1,5,4,4,3,1,1,1,1,1,1
11643,1969,6,2,2009,5,5,1338,1296,500,12,968,0,2634,4,12,1,1,1,1,1,1,1,4,3,1,1,1,2,2,1,2,1,2,2,1,1,7,1,1,3,1,1,2,1,1,2,2,1,1,1,1,1,1,1,1
9247,1962,4,1,2008,6,6,858,858,319,8,490,1,1716,2,12,1,1,1,2,1,1,1,1,1,1,1,1,4,4,1,2,1,2,2,1,1,4,1,1,1,1,1,2,1,3,1,3,1,1,1,1,1,1,1,1
6000,1937,2,1,2009,6,9,786,390,0,4,624,0,1176,2,9,2,1,1,1,1,1,1,1,1,3,1,1,2,2,2,1,1,3,2,1,1,3,1,1,3,1,1,2,1,1,2,2,1,1,2,1,1,1,1,1
14720,1995,4,2,2010,8,5,2053,1185,816,9,666,1,3238,3,4,1,1,1,2,1,4,1,1,1,3,2,1,1,1,1,1,1,1,1,1,4,1,1,1,1,1,1,1,1,5,1,3,1,1,1,1,1,1,1,1
10316,2000,3,2,2008,7,5,992,873,735,7,839,1,1865,3,1,1,1,1,2,1,1,1,1,1,1,1,1,1,1,2,1,1,1,1,1,1,1,1,1,1,1,1,1,1,2,1,1,1,1,1,1,1,1,1,1
10192,1968,4,3,2006,7,6,1222,698,0,8,487,1,1920,2,7,1,1,1,2,1,1,1,1,1,6,1,1,2,2,1,2,1,2,2,1,1,3,1,1,2,1,1,1,1,2,1,1,1,1,1,1,4,1,1,1
9477,1966,3,1,2008,5,5,892,0,340,5,264,0,892,1,12,1,1,1,1,1,3,1,1,1,2,1,1,4,4,1,2,1,2,2,1,1,4,1,1,3,1,1,2,1,1,1,1,1,1,1,1,3,1,1,1
12537,1971,3,1,2010,5,6,1078,0,734,6,500,1,1078,2,12,1,1,1,2,1,4,1,1,1,2,1,1,1,1,2,2,1,2,2,1,1,1,1,1,1,1,1,2,1,4,1,3,1,1,1,1,1,1,1,1
2117,2000,3,2,2010,6,5,769,804,378,5,440,0,1573,2,6,4,1,1,1,1,1,1,1,5,1,1,1,2,2,1,1,1,1,1,1,1,1,1,1,1,1,1,1,1,1,2,2,1,1,1,1,1,1,1,1
16737,2004,3,2,2006,9,5,1980,0,1447,8,770,1,1980,3,11,1,1,1,1,1,5,1,1,1,2,2,1,1,1,1,1,1,1,3,1,4,1,1,1,1,1,1,3,1,3,1,3,1,1,1,1,1,1,1,1
9842,1921,4,3,2008,5,6,990,1611,0,8,621,0,2601,2,24,1,1,1,1,1,1,2,2,1,1,1,1,2,6,2,2,1,3,2,4,1,3,1,1,1,1,1,2,1,1,3,1,1,1,1,1,1,1,1,1
16158,2005,3,2,2009,7,5,1530,0,1274,7,430,1,1530,2,19,1,1,1,2,3,1,1,1,1,2,2,1,1,1,3,1,1,1,3,1,4,2,1,1,1,1,1,1,1,3,1,3,1,1,1,1,1,1,1,1
12513,1920,4,2,2009,4,4,1281,457,0,7,368,1,1738,1,12,1,1,1,2,1,2,1,2,1,3,1,1,1,1,2,2,2,3,2,4,1,3,1,1,2,1,1,2,1,3,1,2,1,1,1,1,1,1,1,1
8499,2006,3,2,2007,6,5,616,796,0,6,432,1,1412,2,18,1,1,1,2,1,1,1,1,1,1,1,1,1,1,2,2,1,1,1,1,1,3,1,1,1,1,1,1,1,3,3,3,1,1,1,1,1,1,2,3
3180,2005,2,2,2006,7,5,520,600,0,4,480,0,1200,2,6,4,1,3,1,1,1,1,1,4,1,1,1,2,2,2,1,1,1,1,1,1,3,1,1,1,1,1,1,1,1,2,1,1,1,1,1,1,1,1,2
7500,2000,3,2,2010,7,5,814,860,533,7,663,0,1674,2,6,4,1,1,1,1,1,1,1,1,1,1,1,1,1,2,1,1,1,1,1,1,1,1,1,1,1,1,1,1,1,1,1,1,1,1,1,1,1,1,1
9179,1999,3,2,2008,7,5,882,908,633,7,588,0,1790,2,1,1,1,1,2,1,1,1,1,1,1,1,1,1,1,1,1,1,1,1,1,1,1,1,1,1,1,1,1,1,1,1,1,1,1,1,1,1,1,1,2
2665,1977,4,2,2006,5,6,925,550,548,6,336,1,1475,1,15,2,1,1,1,1,1,1,1,4,1,1,1,7,7,2,2,1,1,2,1,1,2,5,1,1,1,1,2,1,2,1,1,1,1,1,1,1,1,1,1
4435,2003,1,1,2009,6,5,848,0,685,4,420,0,848,2,1,2,1,1,1,1,1,1,1,4,2,1,1,1,1,1,1,1,1,1,1,4,1,1,1,1,1,1,1,1,1,1,3,1,1,1,1,1,1,1,1
10635,2003,3,2,2010,8,5,1668,0,370,8,502,1,1668,2,1,1,1,1,3,1,2,1,1,1,2,2,1,1,1,1,1,1,1,1,1,4,5,7,1,1,1,1,1,1,2,1,3,1,1,1,1,1,1,1,1
5400,1920,2,1,2009,4,6,840,534,315,6,338,0,1374,1,8,1,1,1,1,1,3,1,4,1,3,1,1,15,16,2,4,1,1,2,1,1,2,5,1,1,1,1,2,1,1,2,3,1,1,1,1,1,1,1,1
9600,1955,3,1,2008,6,6,1661,0,831,8,377,1,1661,1,12,1,1,1,1,1,1,1,1,1,6,2,1,9,10,2,2,1,2,2,1,4,5,1,1,2,1,1,1,1,2,3,1,1,1,1,1,2,1,1,1
9750,1998,3,2,2006,7,6,1108,989,975,8,583,1,2097,2,1,1,1,1,1,1,3,1,1,1,1,1,1,1,1,2,2,1,1,1,1,4,1,1,1,1,1,1,1,1,2,2,1,1,1,1,1,1,1,1,1
11400,2001,2,2,2007,10,5,2633,0,1282,8,804,2,2633,3,4,1,1,1,1,1,1,1,1,1,2,2,1,1,1,1,3,1,1,3,1,2,1,1,1,1,1,1,3,1,3,1,1,1,1,1,1,1,1,1,1
10625,2005,3,2,2008,7,5,1026,932,0,9,936,1,1958,3,6,4,1,1,1,1,1,1,1,1,1,1,1,7,7,2,1,1,1,1,1,1,3,1,1,1,1,1,1,1,3,1,3,1,1,1,1,1,1,1,1
10991,2007,3,2,2007,8,5,1571,0,0,7,722,1,1571,3,17,1,1,1,2,4,1,1,1,1,2,1,1,1,1,1,1,1,1,1,1,2,3,1,1,1,1,1,1,1,3,1,3,1,1,1,1,1,1,2,3
6292,1930,2,1,2008,6,5,790,0,384,4,160,0,790,1,24,1,1,1,1,2,1,1,1,1,2,1,1,3,6,2,2,1,3,1,1,3,4,1,1,3,2,1,2,1,1,2,2,2,1,1,1,1,1,1,1
10998,1941,3,2,2009,5,5,984,620,408,6,660,0,1604,2,16,1,1,2,1,1,1,1,1,1,3,1,1,3,6,2,2,1,2,2,1,1,7,2,1,1,1,1,2,4,1,2,2,1,1,1,1,1,1,1,1
1953,1973,2,1,2006,6,5,483,504,309,5,264,0,987,1,23,2,1,1,1,1,1,1,1,5,1,1,1,4,4,1,2,1,2,2,4,1,5,1,1,3,1,1,2,1,1,2,2,1,1,1,1,1,1,1,1
9735,2006,3,2,2008,5,5,754,640,0,7,400,0,1394,2,17,1,1,1,1,1,1,1,1,1,6,1,1,1,1,2,2,1,1,1,1,1,3,1,1,2,1,6,1,1,1,3,3,1,1,1,1,1,1,1,1
8212,1914,2,1,2010,3,3,864,0,203,5,200,0,864,1,16,1,1,2,1,1,1,1,1,1,2,1,1,10,9,2,2,3,3,2,4,1,4,1,1,3,2,2,2,1,1,2,2,1,2,1,1,1,1,1,1
12925,1970,4,2,2008,6,7,2117,0,865,7,550,2,2117,2,12,1,1,1,2,1,3,1,1,1,2,1,1,5,5,2,2,1,2,2,1,3,5,1,1,1,1,1,2,1,3,1,3,1,1,1,1,1,1,1,1
7200,1920,4,1,2006,7,7,998,764,0,8,576,0,1762,2,8,2,1,1,1,1,3,1,1,1,1,2,1,3,6,2,2,1,3,5,1,1,3,1,1,1,1,1,1,1,1,2,2,1,1,2,1,1,1,1,1
25339,1918,3,2,2007,5,7,1416,0,0,7,576,0,1416,2,10,1,1,1,1,1,1,1,1,1,2,1,1,3,6,2,2,2,3,2,1,1,3,1,1,1,1,1,1,1,1,1,2,1,1,2,1,1,1,1,1
9060,1939,2,1,2009,6,5,698,560,204,6,280,0,1258,1,16,1,1,1,1,1,1,1,1,1,3,1,1,6,3,2,2,1,3,2,1,3,4,1,1,3,1,1,2,1,1,2,2,1,1,3,1,2,1,1,1
5436,1922,3,1,2010,4,8,796,358,735,7,240,0,1154,1,14,2,1,1,1,1,1,1,1,1,3,1,1,1,1,2,2,2,3,2,1,1,5,1,1,2,1,1,1,1,1,2,2,1,1,2,1,2,1,1,1
16692,1978,5,3,2006,7,5,1392,1392,790,12,564,2,2784,2,7,1,1,1,2,1,1,1,7,1,1,1,1,8,5,1,2,1,2,1,1,1,5,6,1,3,1,1,1,1,2,1,1,1,1,1,3,2,5,1,1
8520,1916,5,2,2007,6,7,1664,862,168,10,216,1,2526,1,8,2,1,2,1,1,1,1,4,1,3,1,1,10,9,2,2,2,3,2,1,1,4,6,2,3,2,1,1,1,3,2,2,1,1,1,1,3,1,6,6
14892,2006,3,2,2009,9,5,1746,0,1320,7,758,2,1746,3,18,1,1,1,2,4,4,1,1,1,2,1,1,1,1,3,3,1,1,3,1,2,1,1,1,1,1,1,3,1,3,1,3,1,1,1,1,1,1,1,1
6000,1941,3,1,2007,6,6,869,349,375,6,440,1,1218,2,9,2,1,1,1,1,1,1,1,1,3,1,1,3,6,2,2,2,3,2,2,1,2,1,1,1,1,1,2,1,3,2,2,1,1,1,1,1,1,1,1
9100,2000,3,2,2006,7,5,1525,0,1400,6,541,0,1525,2,1,1,1,1,1,1,1,1,1,1,2,1,1,1,1,1,1,1,1,1,1,4,1,1,1,1,1,1,1,1,1,1,1,1,1,1,1,1,1,1,1
8944,1967,4,2,2009,5,5,1584,0,0,8,792,0,1584,3,12,1,1,1,1,1,1,1,1,3,2,1,1,8,5,2,2,1,2,2,1,1,3,1,1,3,1,1,2,5,1,2,2,1,1,1,1,1,1,1,1
7838,1967,3,1,2006,5,5,900,0,769,6,288,1,900,1,12,1,1,1,1,1,1,1,1,1,5,1,1,4,4,2,2,1,2,2,1,4,2,1,1,3,1,1,2,1,6,1,1,1,1,1,1,5,1,1,1
10800,1905,3,2,2008,6,7,1221,691,0,7,672,1,1912,2,8,2,1,3,1,1,1,1,1,2,3,1,1,3,6,2,2,1,3,5,1,1,3,1,1,1,2,1,2,1,2,2,2,3,1,1,1,1,1,1,1
4045,2006,2,2,2006,7,5,1500,0,1070,6,648,1,1500,3,22,1,1,1,1,1,1,1,1,4,2,2,1,1,1,1,1,1,1,1,1,4,1,1,1,1,1,1,1,1,3,1,3,1,1,1,1,1,1,2,3
12665,2005,4,2,2007,8,5,1133,1349,0,9,642,1,2482,3,17,1,1,1,2,1,1,3,1,1,1,2,1,1,1,1,1,1,1,1,2,2,3,1,1,1,1,1,1,1,3,3,3,1,1,1,1,1,1,1,1
57200,1948,3,1,2010,5,5,1687,0,353,7,572,2,1687,2,17,1,1,1,2,2,1,1,1,1,2,1,1,3,6,2,2,1,2,2,1,4,5,5,1,3,1,1,2,2,2,2,2,1,1,2,1,1,1,1,1
6120,1920,4,1,2007,5,8,939,574,0,8,180,0,1513,1,9,2,1,1,1,1,1,1,1,1,1,1,1,2,2,2,2,1,3,2,1,3,3,1,1,1,1,1,2,1,1,2,2,2,2,2,1,1,1,1,1
7200,1950,3,1,2009,5,4,1136,768,180,7,240,0,1904,1,12,1,1,1,1,1,1,1,1,1,3,1,1,1,6,2,2,1,2,2,1,1,4,2,1,2,1,3,2,2,1,1,2,1,1,1,1,4,1,1,1
6171,1925,3,2,2009,6,6,1160,448,264,7,216,1,1608,1,24,1,1,1,1,1,1,1,1,1,3,1,1,6,3,2,2,1,3,2,1,1,5,1,1,1,1,1,1,1,3,2,2,2,1,1,1,2,1,1,1
6000,1929,3,1,2008,6,7,950,208,0,5,208,1,1158,1,9,2,1,1,1,1,3,1,1,1,3,1,1,6,3,2,2,1,3,2,1,1,3,1,1,3,1,1,2,1,3,3,1,1,1,1,1,1,1,1,1
7415,2004,3,2,2008,6,5,864,729,759,8,398,1,1593,2,18,1,1,1,2,1,1,1,1,1,1,1,1,1,1,2,2,1,1,2,1,1,1,1,1,1,1,1,2,1,2,1,3,1,1,1,1,1,1,1,1
6762,2006,2,2,2006,7,5,1294,0,0,6,662,1,1294,2,1,1,1,1,1,1,1,1,1,1,2,1,1,1,1,2,1,1,1,1,2,4,3,1,1,1,1,1,1,1,3,1,1,1,1,1,1,1,1,2,3
15256,2007,3,2,2007,8,5,1464,0,929,6,754,0,1464,3,6,1,1,1,2,1,4,1,7,1,2,1,1,1,1,3,1,1,1,1,1,2,1,1,1,1,1,1,1,1,1,1,2,1,1,1,1,1,1,1,1
10410,1915,3,1,2006,3,4,694,520,0,6,936,0,1214,3,8,1,1,2,1,1,3,2,4,1,3,1,1,3,6,2,2,1,1,2,1,1,3,1,1,3,1,1,2,1,1,2,2,1,1,1,1,2,1,1,6
3842,2004,2,2,2008,8,5,1646,0,1373,5,482,1,1646,2,3,2,1,1,2,4,1,1,1,4,2,2,1,7,7,3,1,1,1,3,1,2,1,1,1,1,1,1,1,1,3,1,3,1,1,1,1,1,1,1,1
8445,1972,2,1,2009,5,7,768,0,656,5,396,0,768,2,1,1,1,1,1,1,3,1,1,1,5,1,1,4,3,2,2,1,2,1,1,4,1,1,1,3,1,1,2,1,1,2,2,1,1,1,1,2,1,1,1
8780,1985,3,1,2009,5,5,833,0,625,5,0,0,833,0,5,1,1,1,2,1,3,1,1,1,2,1,1,4,5,2,2,1,2,2,1,1,2,1,1,1,1,1,2,1,1,5,4,4,3,1,1,2,1,1,1
7740,1910,3,1,2010,4,7,741,622,0,6,528,0,1363,2,8,2,1,1,1,1,1,1,1,1,1,1,1,1,1,2,2,1,2,5,1,1,3,1,1,2,1,1,2,1,1,2,2,1,1,1,1,1,1,1,1
20544,1986,3,2,2008,7,6,1236,857,0,7,542,1,2093,2,7,1,1,1,2,1,4,1,1,1,1,1,1,8,5,1,2,2,2,1,1,1,3,1,1,2,1,1,2,1,2,1,3,1,1,1,1,2,1,1,1
12420,2001,3,2,2009,7,5,944,896,666,6,622,0,1840,2,1,1,1,1,1,1,1,1,1,1,1,1,1,1,1,2,1,1,1,1,1,1,1,1,1,1,1,1,1,1,1,1,1,1,1,1,1,1,1,1,1
9600,1950,3,1,2009,6,8,1112,556,120,6,271,0,1668,1,12,1,1,1,1,1,1,1,1,1,3,1,1,1,1,2,2,2,2,2,1,1,5,1,1,1,1,1,2,4,1,1,2,1,1,1,1,2,1,1,1
7200,1949,2,2,2009,4,5,1040,0,0,6,420,0,1040,2,12,1,1,1,1,1,1,1,1,3,2,1,1,5,14,2,2,1,5,4,3,5,6,3,4,4,2,2,2,1,1,2,2,1,1,1,1,1,1,1,1
10994,2005,2,2,2009,8,5,1844,0,976,7,620,1,1844,2,13,1,1,1,2,1,3,1,1,1,2,1,1,1,1,3,1,1,1,1,2,1,1,1,1,1,1,1,1,1,3,1,3,1,1,1,1,1,1,3,2
13053,1923,4,1,2008,6,7,1053,795,0,8,370,1,1848,2,9,1,1,3,1,2,1,1,1,1,3,3,1,3,6,2,2,1,3,2,1,1,3,1,1,2,1,1,1,1,3,2,2,1,1,2,1,1,1,1,1
3635,2007,1,2,2009,7,5,1569,0,988,7,660,1,1569,3,22,1,1,1,1,1,1,1,1,4,2,2,1,1,1,1,1,1,1,1,1,1,2,1,1,1,1,1,1,1,2,1,1,1,1,1,1,1,1,1,1
11340,1885,4,2,2010,4,6,1246,1044,0,11,560,0,2290,2,8,2,1,1,1,1,1,1,1,2,1,1,1,1,10,2,2,1,1,2,1,1,3,1,1,2,1,1,2,1,1,2,2,1,1,2,1,1,1,1,1
16545,1998,3,2,2009,8,5,1310,1140,781,7,1069,1,2450,3,4,1,1,1,2,1,1,1,1,1,1,1,1,1,1,1,1,1,1,1,1,3,1,1,1,1,1,1,1,1,2,1,3,1,1,1,1,1,1,1,1
9204,1963,3,1,2008,5,5,1144,0,25,6,336,0,1144,1,12,1,1,1,1,1,1,1,1,1,2,1,1,4,4,2,2,1,2,2,1,1,5,5,1,3,1,1,2,1,1,2,2,1,1,1,1,1,1,3,1
16381,1969,3,2,2006,6,5,1844,0,1110,7,540,1,1844,2,3,1,1,1,2,1,1,1,1,1,2,1,1,8,5,1,1,2,2,2,1,4,4,1,1,2,1,1,1,1,2,1,1,1,1,1,1,1,1,1,1
11700,1968,3,2,2006,6,6,708,708,404,7,776,1,1416,2,7,1,1,1,1,1,3,1,1,1,1,1,1,4,4,1,2,1,2,2,1,1,2,1,1,2,1,1,2,1,2,1,1,1,1,1,1,1,1,1,1
4043,1977,2,2,2010,6,5,1069,0,360,4,440,1,1069,2,21,1,1,1,1,1,1,1,1,4,2,1,1,8,5,2,2,1,2,1,1,1,2,1,1,3,1,1,2,1,4,1,1,1,1,1,1,1,1,1,1
4435,2003,1,1,2008,6,5,848,0,686,3,420,0,848,2,1,2,1,1,1,1,1,1,1,4,2,1,1,1,1,1,1,1,1,1,1,4,1,1,1,1,1,1,1,1,1,1,3,1,1,1,1,1,1,1,1
19690,1966,4,2,2006,6,7,1575,626,0,8,432,1,2201,2,16,1,1,1,2,1,4,1,1,1,6,5,6,8,5,2,1,2,2,1,1,4,3,1,1,3,1,1,1,1,3,1,2,3,4,1,4,4,1,1,5
9503,1958,2,1,2007,5,5,1344,0,457,6,484,1,1344,1,12,1,1,1,1,1,1,1,1,1,2,2,1,4,4,2,2,1,2,2,1,1,2,5,1,3,1,1,2,2,2,2,2,1,1,1,1,3,1,1,1
10721,1959,3,1,2008,6,6,1252,0,0,7,528,0,1252,2,12,1,1,1,2,1,1,1,1,1,2,2,1,4,4,3,1,1,2,2,1,1,3,1,1,1,1,1,1,1,1,2,2,1,1,1,1,1,1,1,1
10944,1994,3,2,2008,7,5,1223,904,1000,5,525,2,2127,2,4,1,1,1,2,1,1,1,1,1,1,1,1,1,1,1,1,1,1,1,1,1,1,1,1,1,1,1,1,1,2,1,1,1,1,1,1,1,1,1,1
10930,1945,3,1,2008,5,6,1048,510,580,6,288,1,1558,1,12,1,1,2,1,2,1,1,4,1,3,1,1,2,2,2,2,1,2,2,1,1,5,1,1,3,1,3,2,1,2,1,2,1,1,1,1,1,1,1,1
7200,1940,2,1,2010,5,7,804,0,510,4,240,2,804,1,8,2,1,1,1,1,3,1,1,1,2,1,1,2,2,3,2,2,2,2,1,1,5,1,1,3,1,1,1,1,3,1,2,1,1,1,1,2,1,1,2
12546,1981,3,2,2007,6,7,1440,0,678,7,467,1,1440,2,7,1,1,1,2,1,3,1,1,1,2,1,1,2,2,1,1,2,2,1,1,1,5,1,1,1,1,1,1,1,2,1,3,1,1,1,1,1,1,1,1
21930,2005,4,2,2006,5,5,734,1104,0,7,372,1,1838,2,18,1,1,1,4,1,1,1,7,1,1,1,1,1,1,2,1,1,1,1,2,4,3,1,1,1,1,1,2,1,3,3,3,1,1,1,1,1,1,1,1
4928,1976,2,2,2009,6,6,958,0,958,5,440,0,958,2,21,1,1,1,2,1,1,1,1,4,2,1,1,8,5,2,2,1,2,1,1,1,7,1,1,3,1,1,2,1,1,1,1,1,1,1,1,1,1,1,1
10800,1927,4,2,2007,4,6,968,0,0,5,216,0,968,1,8,1,1,2,1,1,1,1,1,1,2,1,1,3,6,2,2,1,3,2,1,1,3,1,1,3,1,1,2,1,1,2,2,2,2,1,1,1,1,1,1
10261,2000,3,2,2008,6,5,962,830,0,8,451,1,1792,2,18,1,1,1,2,1,1,2,1,1,1,1,1,1,1,1,2,1,1,1,1,1,3,1,1,1,1,1,2,1,2,1,3,1,1,1,1,1,1,1,1
17400,1977,3,2,2006,5,5,1126,0,936,5,484,1,1126,2,5,1,1,1,1,3,1,1,1,1,2,1,1,5,8,2,2,1,2,2,1,1,2,1,1,4,1,1,2,1,3,1,1,1,1,3,1,1,1,1,1
8400,1962,3,1,2008,6,9,1537,0,0,7,462,1,1537,2,12,1,1,1,1,1,1,1,1,1,2,1,1,3,6,1,1,2,2,2,1,1,3,1,1,3,1,1,1,1,3,1,1,1,1,1,1,4,1,3,2
9000,1971,3,1,2007,4,6,864,0,616,5,528,0,864,2,12,1,1,1,1,1,2,1,1,1,2,1,1,4,4,2,2,1,1,2,1,1,2,1,1,3,1,1,2,1,1,2,2,1,1,1,1,3,1,1,1
12444,2008,2,2,2008,8,5,1932,0,1336,7,774,1,1932,3,11,1,1,1,1,1,2,1,1,1,2,2,1,1,1,3,3,1,1,3,1,4,1,1,1,1,1,1,3,1,3,1,3,1,1,1,1,1,1,2,3
7407,1957,2,1,2010,6,7,1236,0,600,6,923,0,1236,2,8,2,1,1,1,1,1,1,4,1,2,1,1,2,2,2,2,1,2,2,1,1,1,1,1,3,1,3,2,1,1,1,2,1,1,1,1,2,1,1,1
11584,1979,3,2,2007,7,6,1040,685,315,6,550,1,1725,2,7,1,1,1,1,1,1,2,1,1,6,2,1,4,4,1,2,1,2,2,1,1,1,5,1,3,1,1,2,1,2,1,1,1,1,1,1,1,1,1,1
11526,1922,3,2,2008,6,7,1423,748,0,11,672,1,2555,2,3,1,1,1,2,2,1,1,1,1,8,1,1,2,2,2,2,1,3,3,1,1,3,1,1,4,1,1,2,2,3,2,3,1,1,1,1,1,1,1,1
4426,2004,1,1,2008,6,5,848,0,697,3,420,1,848,2,1,2,1,1,1,1,1,1,1,4,2,1,1,1,1,1,1,1,1,1,1,4,1,1,1,1,1,1,1,1,2,1,1,1,1,1,1,1,1,1,1
11003,2008,3,2,2009,10,5,1026,981,765,10,812,1,2007,3,6,4,1,1,1,1,1,1,1,1,1,1,1,1,1,3,3,1,1,3,1,4,1,1,1,1,1,1,3,1,5,1,3,1,1,1,1,1,1,1,1
8854,1916,2,1,2009,6,6,952,0,0,4,192,1,952,1,9,1,1,1,1,1,1,1,1,1,4,1,1,3,6,2,2,1,3,2,1,1,3,1,3,4,2,2,4,1,3,2,2,2,5,3,1,1,1,1,1
8500,2004,3,2,2007,7,5,1422,0,0,7,626,0,1422,2,1,1,1,1,1,1,2,1,1,1,2,1,1,1,1,1,1,1,1,1,1,4,3,1,1,1,1,1,1,1,1,1,1,1,1,1,1,1,1,1,1
8400,1966,3,1,2007,6,5,913,0,187,6,240,0,913,1,10,1,1,1,1,1,1,1,1,1,5,1,1,1,1,2,2,1,2,2,1,2,7,5,1,2,1,1,2,1,1,2,2,1,1,1,1,1,1,1,1
26142,1962,3,1,2010,5,7,1188,0,593,6,312,0,1188,1,5,1,1,1,2,1,4,1,1,1,2,1,1,4,4,1,2,1,2,2,1,1,4,1,1,3,1,1,2,1,1,1,2,1,1,3,1,1,1,1,1
10000,1995,3,2,2007,8,5,1220,870,1079,8,556,1,2090,2,1,1,1,1,1,1,1,1,1,1,1,1,1,1,1,1,1,1,1,1,1,1,1,1,1,1,1,1,1,1,2,1,1,1,1,1,1,1,1,1,1
11767,1910,2,1,2007,4,7,796,550,0,6,384,0,1346,1,16,1,1,1,1,1,1,1,1,1,1,1,1,2,4,2,2,1,2,5,1,1,3,1,1,2,2,1,2,4,1,2,2,2,1,1,1,3,1,1,1
1533,1970,1,1,2006,5,7,630,0,553,3,0,0,630,0,15,2,1,1,1,1,1,1,1,5,5,1,1,7,7,2,2,1,2,1,1,4,1,1,1,1,1,1,3,1,1,5,4,4,3,1,1,1,1,1,2
9000,1974,4,2,2009,5,5,896,896,0,8,0,0,1792,0,12,1,1,1,1,1,2,1,1,3,1,1,1,1,1,2,2,1,2,1,1,1,3,1,1,3,1,1,2,1,1,5,4,4,3,1,1,1,1,1,1
9262,2008,3,2,2009,8,5,1578,0,0,7,840,1,1578,3,6,1,1,1,1,1,1,1,1,1,2,1,1,7,7,3,1,1,1,1,1,1,3,1,1,1,1,1,3,1,3,1,3,1,1,1,1,1,1,2,3
3675,2005,2,1,2006,5,5,1072,0,547,5,525,0,1072,2,16,2,1,1,1,1,1,1,1,4,6,1,1,1,1,1,2,1,1,1,1,2,1,1,1,2,1,1,2,1,1,6,3,1,1,1,1,1,1,1,1
17217,2006,3,1,2006,5,5,1140,0,0,6,0,0,1140,0,5,1,1,1,1,1,1,1,1,1,2,1,1,1,1,2,2,1,1,1,1,1,3,1,1,1,1,1,2,1,1,5,4,4,3,1,1,1,1,1,2
7500,2004,2,2,2009,7,5,1221,0,410,6,400,0,1221,2,6,4,1,3,1,1,1,1,1,1,2,1,1,1,1,2,1,1,1,1,1,1,1,1,1,1,1,1,1,1,1,1,1,1,1,1,1,1,1,1,1
7917,1999,3,2,2007,6,5,953,694,0,7,460,1,1647,2,18,1,1,1,1,1,1,1,1,1,1,1,1,1,1,2,2,1,1,1,1,1,3,1,1,1,1,1,2,1,2,1,1,1,1,1,1,1,1,1,1
13175,1978,3,2,2010,6,6,2073,0,790,7,500,2,2073,2,7,1,1,1,1,1,1,1,1,1,2,1,1,8,5,3,2,1,2,1,1,1,2,5,1,3,1,1,2,2,2,1,2,1,1,1,1,2,1,1,1
9042,1941,4,2,2010,7,9,1188,1152,275,9,252,2,2340,1,3,1,1,1,1,1,1,1,1,1,1,1,1,7,7,2,3,2,6,2,2,1,1,1,1,1,1,1,1,1,3,1,1,1,1,1,1,4,2,1,1
9717,1950,2,1,2010,5,6,1078,0,49,5,240,0,1078,1,12,1,1,1,1,1,1,1,1,1,2,2,1,2,2,2,2,1,2,2,1,3,1,5,1,2,1,3,1,1,1,1,2,1,1,1,1,1,1,1,1
9937,1965,3,1,2008,5,6,1256,0,830,6,276,0,1256,1,16,1,1,1,1,1,1,4,1,1,2,1,1,4,4,2,1,1,2,2,1,1,5,6,1,2,1,1,2,1,1,1,3,1,1,1,1,1,1,1,1